,country,domain,first_day_above_hundred,outsample_mape,overall_mape,train_mape,outsample_mae,overall_mae,train_mae
0,Afghanistan,,2020-03-30,53.360972672524554,36.73166966274308,3.4730636431801276,7457.39641631911,4976.461342793442,14.591195742105734
1,Albania,,2020-03-25,26571.1086572462,17716.66244486663,7.770020107481666,295045.8704489156,196704.91361285528,22.999940734755018
2,Algeria,,2020-03-22,31.605107385823754,23.47978226711595,7.229132029700333,2242.5194384761417,1510.2401795835367,45.68166179832584
3,American Samoa,,2022-03-01,45.03410154695328,33.76982409430151,11.24126918899796,2542.1677236616865,1727.545529574609,98.30114140045431
4,Andorra,,2020-03-22,6.4522697213604445,8.30985256284654,12.025018245818728,49.242104573219585,47.3135002545498,43.456291617210226
5,Angola,,2020-06-11,506.530664609834,338.752580205691,3.1964113974051114,12404.17501984383,8271.762672083554,6.93797656301058
6,Anguilla,,2021-05-12,99999.0,99999.0,99999.0,99999.0,99999.0,99999.0
7,Antigua and Barbuda,,2020-09-28,3.8275852734989617,3.2738718521703793,2.1664450095132146,5.261523918826959,4.306542728359299,2.3965803474239804
8,Argentina,,2020-03-13,129.99448769831338,87.51739213347938,2.5632010038113617,26406.84097157884,17609.36466941784,14.412065095839726
9,Armenia,,2020-03-19,47.64979482464221,34.0012740273116,6.7042324326503895,3556.7847790758765,2380.303872275376,27.342058674372943
10,Aruba,,2020-05-06,3.2858759101630644,2.2008499178227776,0.03079793314220443,3.6784550628282764,2.462672012710059,0.031105912473626467
11,Australia,,2020-03-12,2.0695066149716084,2.1551659009699193,2.326484472966542,139.96349108362227,103.75666776349759,31.343021123248263
12,Austria,,2020-03-10,6.085244493910876,12.890041260351342,26.49963479323228,730.1436601881724,598.4558053329607,335.08009562253704
13,Azerbaijan,,2020-03-28,3733.4465373861754,2490.1232504244576,3.4766765010206444,319714.1597176491,213148.0679826666,15.884512701498753
14,Bahamas,,2020-05-30,46.75188492109456,31.251401538304048,0.25043477272301623,355.44458990168636,237.04888086650914,0.25746279615471224
15,Bahrain,,2020-03-10,61.01633878256847,43.77636196508606,9.296408330121258,3442.727453672383,2305.005660547841,29.562074298757807
16,Bangladesh,,2020-04-06,13751.371255053189,9169.08773459057,4.520693665333398,12424641.43984,8283112.579928512,54.86010553613695
17,Barbados,,2020-07-13,2583.8648236120957,1723.204638120828,1.8842671382915726,4806.438519470554,3205.060487685807,2.304424116314564
18,Belarus,,2020-03-31,1581.820240435762,1056.519255281731,5.917284973668812,723952.7683470643,482661.0108020396,77.49571199030973
19,Belgium,,2020-03-06,15.990919475480139,12.418495083928411,5.273646300824946,7480.589056696969,5030.492013379858,130.29792674563348
20,Belize,,2020-08-08,168.51752094948432,115.67658358387551,9.994708852657899,4503.998989336694,3015.1933417275545,37.582046509275706
21,Benin,,2020-05-10,65.95669950470352,45.776756103803166,5.416869302002476,849.731067268843,569.4324730494702,8.8352846107246
22,Bermuda,,2020-04-27,7.043752103000004,5.016973513672881,0.9634163350186407,10.353446667449834,7.2796755670111,1.1321333661336286
23,Bhutan,,2020-07-29,32.47589815428181,22.202420771376925,1.6554660055671637,89.94878692540019,60.65261591091985,2.0602738819592097
24,Bolivia,,2020-04-01,99999.0,99999.0,99999.0,99999.0,99999.0,99999.0
25,Bosnia and Herzegovina,,2020-03-22,21.57595524470243,15.203420590900334,2.4583512832961447,504.6545097408039,339.85455700139227,10.254651522568867
26,Botswana,,2020-06-25,6410.32866045543,4278.974414227047,16.265921770282468,120136.80756714451,80105.32899611176,42.37185404626921
27,Brazil,,2020-03-16,14.297115344337833,18.90310123205418,28.115073007486863,34798.43479502277,23297.561367173905,295.81451147617435
28,British Virgin Islands,,2021-01-06,3.143586803169318,2.8659182853055105,2.3105812495778943,4.7825805310741885,4.151016806855647,2.887889358418565
29,Brunei,,2020-03-25,99999.0,99999.0,99999.0,99999.0,99999.0,99999.0
30,Bulgaria,,2020-03-22,45.00082691319483,37.20980297827675,21.627755108440613,986.6069650578593,682.3586557423673,73.86203711138337
31,Burkina Faso,,2020-03-24,16.662865954386245,12.591806007858466,4.449686114802918,139.22825751611617,97.02329142431448,12.613359240711105
32,Burundi,,2020-06-16,98875.48051359883,65918.86016342803,5.619463086446406,430876.92248811905,287254.06104151794,8.338148315760462
33,Cambodia,,2020-03-29,1.4446784646874196,1.2383191215025986,0.8256004351329569,1.8160686425528978,1.5343031305628323,0.9707721065827017
34,Cameroon,,2020-03-31,37.822248793014346,34.118368959626196,26.71060929284989,2830.0870573874076,1936.1970467725837,148.41702554293698
35,Canada,,2020-03-12,3704.131485738225,2471.3659523585216,5.834885599115148,2914588.153514252,1943097.8883002368,117.35787220603343
36,Cayman Islands,,2020-05-21,2.4288256497506078,2.3475503695133777,2.184999809038919,4.875201375306688,4.328242484646002,3.2343247033246336
37,Central African Republic,,2020-05-05,2997.9522511263876,2000.3522732915524,5.1523176218799716,144773.21835436302,96521.0525343613,16.720894357858064
38,Chad,,2020-05-02,40.2744172586866,30.24511877566866,10.186521809632787,354.09142307598205,246.48081405941073,31.259596026268152
39,Chile,,2020-03-17,46.58851483813918,32.12800843872764,3.2069956399045503,31650.754748575226,21113.594563530387,39.27419344071632
40,China,,2020-01-19,185384.42754815664,123593.60413251731,11.957301238643572,152132967.74357793,101422287.82197958,927.9787828544246
41,Colombia,,2020-03-20,56.62631284716332,39.24782991417146,4.490864048187759,11901.459344870436,7946.903864394498,37.792903442621366
42,Comoros,,2020-06-13,15.080262903683368,11.887168290835874,5.5009790651408785,50.213396883046535,36.70920147828812,9.700810668771283
43,Congo,,2020-04-15,5952.921871179349,3970.2986394349955,5.052175946288973,82168.0448395398,54782.06308149034,10.099565391424173
44,Cook Islands,,2022-03-06,99999.0,99999.0,99999.0,99999.0,99999.0,99999.0
45,Costa Rica,,2020-03-22,14.5095128580534,12.45604672744288,8.349114466221845,156.0312355286173,112.72706722250607,26.118730610283624
46,Croatia,,2020-03-20,28.402698519335907,20.048890568881777,3.341274667973531,625.0987306675742,423.22114325841176,19.465968440087114
47,Cuba,,2020-03-29,4.662817691252025,3.7296324659085314,1.8632620152215427,99.9652882986987,69.3794477370746,8.207766613826411
48,Curacao,,2020-09-09,99999.0,99999.0,99999.0,99999.0,99999.0,99999.0
49,Cyprus,,2020-03-24,20.002793041269776,14.014907340574995,2.0391359391854236,186.5591629111572,126.8556644045829,7.4486673914343475
50,Czechia,,2020-03-13,799.8634070816129,537.8291719118987,13.760701572470508,73445.90793109627,49001.3810462013,112.32727641140046
51,Cote d'Ivoire,,2020-03-25,99999.0,99999.0,99999.0,99999.0,99999.0,99999.0
52,Democratic Republic of Congo,,2020-04-01,99999.0,99999.0,99999.0,99999.0,99999.0,99999.0
53,Denmark,,2020-03-11,2299.680756104839,1536.8588744641163,11.215111182671283,254103.21984881395,169451.96412705778,149.45268354549077
54,Djibouti,,2020-04-08,48.31360826607642,39.445509027276415,21.7093105496764,1881.7568021916425,1289.49753096143,104.97898850100526
55,Dominica,,2021-01-07,6700.230892039591,4467.071840771374,0.7537382349400192,9973.870951252387,6649.528814772676,0.8445418132533459
56,Dominican Republic,,2020-03-24,254.45972460257892,173.61681471763484,11.930994947746587,44128.331465049414,29464.874010752264,137.9591021579709
57,Ecuador,,2020-03-18,428.05696173518584,292.55474161135584,21.55030136369598,176857.3450587389,117992.40946352614,262.53827310061746
58,Egypt,,2020-03-15,8.269511119304228,6.973215547744472,4.380624404624961,1080.145616402334,727.3816958639461,21.853854787170032
59,El Salvador,,2020-04-10,1432.7096560927719,955.7522457962394,1.8374252031739793,68214.96638045736,45478.204706996934,4.681360076063667
60,Equatorial Guinea,,2020-04-21,3888.681557130802,2594.8051824003683,7.052432939500575,133676.31788320554,89127.59335557849,30.144300324399467
61,Eritrea,,2020-06-16,19.13569622459988,15.600630160917556,8.530498033552899,56.49823225879685,42.7532682915548,15.263340357070717
62,Estonia,,2020-03-15,32.52815776396606,69.78010112070878,144.2839878341942,2252.27378009338,1832.4088255198822,992.6789163728881
63,Eswatini,,2020-05-02,46.43367957388852,32.60038901368743,4.933807893285279,523.9488265315092,352.18709336698606,8.663627037939651
64,Ethiopia,,2020-04-19,72.2710736823624,50.7806624739249,7.799840057049886,2876.723776727901,1921.7367083101794,11.762571474735267
65,Faroe Islands,,2020-03-23,7.471578883746299,7.148010089277858,6.500872500340971,13.963364650504344,12.927561970092617,10.855956609269152
66,Fiji,,2021-04-26,62.11775907225633,42.784639764171764,4.118401148002665,3296.1784546556546,2199.5053169264406,6.159041468012878
67,Finland,,2020-03-08,11.665224596734829,9.35546133862093,4.735934822393128,709.8350982704634,487.28816279429225,42.19429184195
68,France,,2020-05-17,2082.3566451136053,1415.1201468218987,80.64715023848575,768376.9004588859,512826.0733872615,1724.4192440126262
69,French Guiana,,2020-04-24,99999.0,99999.0,99999.0,99999.0,99999.0,99999.0
70,French Polynesia,,2020-08-12,51.858321093475624,35.94112819164737,4.106742387990912,2129.7334070948664,1423.861110698297,12.116517905158085
71,Gabon,,2020-04-18,3194.09903204505,2131.4127486286197,6.040181795758437,155591.64386437662,103733.96072596768,18.594449149856903
72,Gambia,,2020-07-19,31.456711091834116,22.64461397450693,5.020419739852546,1045.6859343811218,706.6221344349249,28.49453454253082
73,Georgia,,2020-03-30,50.37836398492656,34.66466124779406,3.2372557735290917,383.7114580778907,258.61747663129944,8.429513738116936
74,Germany,,2020-03-01,54.464947987930145,63.106094929114384,80.3883888114829,79436.28268912908,53838.22507809149,2642.109856016333
75,Ghana,,2020-03-27,44924.12715078364,29951.724107318667,6.918020388691261,3505242.687711987,2336839.911697232,34.35966772329028
76,Gibraltar,,2020-04-08,8.102548980252912,7.406890318610976,6.0155729953271,12.880568075009222,11.039254566452719,7.356627549339712
77,Greece,,2020-03-15,17.67477338968189,19.065444909646967,21.846787949577116,464.409580991915,369.5575546342446,179.85350191890365
78,Greenland,,2021-07-28,22.43831542923979,15.760313171944576,2.4043086573541577,129.13347704002624,87.55825063711775,4.407797831300845
79,Grenada,,2020-12-22,4.619334234838019,5.515571378173983,7.30804566484591,6.794206819676868,7.629317595957072,9.299539148517482
80,Guadeloupe,,2020-03-31,99999.0,99999.0,99999.0,99999.0,99999.0,99999.0
81,Guam,,2020-04-06,10.73627735390208,7.57019676563069,1.2380355890879047,20.90057325750681,14.480022641848192,1.638921410530963
82,Guatemala,,2020-04-06,66.55896176095,45.309259545114614,2.809855113443867,5009.979807592033,3342.3224271691483,7.007666323381478
83,Guernsey,,2020-04-03,99999.0,99999.0,99999.0,99999.0,99999.0,99999.0
84,Guinea,,2020-04-03,35.130356871775305,25.512086188867272,6.275544823051193,1366.7008577206757,918.6820813981153,22.644528752995456
85,Guinea-Bissau,,2020-04-30,1044.7265429927716,699.2726464848452,8.364853468992091,18511.60020518007,12356.02829883493,44.88448614464357
86,Guyana,,2020-05-12,33.943700890966916,23.33014372636491,2.103029397160904,106.18179204352255,71.72276383106204,2.804707406141066
87,Haiti,,2020-05-07,7760.605311949928,5175.920135031538,6.549781194758415,535475.099139857,356993.25965288957,29.58067895469942
88,Honduras,,2020-03-30,64.38073401238948,43.74022243904352,2.4591992923516033,3391.4511314900446,2263.374511206422,7.2212706391764865
89,Hungary,,2020-03-21,26.517460899507938,19.454351522186975,5.328132767545057,947.5923727575062,642.9620407156146,33.70137663183152
90,Iceland,,2020-03-15,344.8302201074125,244.62943504604175,44.22786492330029,6264.698989201549,4247.850041910736,214.15214732910792
91,India,,2020-03-15,59.762805125539785,43.04435481895699,9.607454205791392,63648.95923823472,42462.44717812118,89.42305789412968
92,Indonesia,,2020-03-15,340.28547571107737,229.08768100987,6.692091607455336,81734.08191090185,54501.91269670395,37.57426830812496
93,Iran,,2020-02-27,99999.0,99999.0,99999.0,99999.0,99999.0,99999.0
94,Iraq,,2020-03-15,9165.585391469895,6111.60206751994,3.635419620026125,611728.2368261582,407823.73249310354,14.72382699377179
95,Ireland,,2020-03-16,271.9956503613148,185.23742973913647,11.72098849477978,65413.43389752291,43646.128352513864,111.51726249577287
96,Isle of Man,,2020-04-05,1.21734654597652,1.9062308755443558,3.283999534680028,4.054591969651179,5.388952773550436,8.057674381348948
97,Israel,,2020-03-12,5.783091571692151,5.5226797341671405,5.001856059117117,918.5197113140686,635.3519417573325,69.0164026438606
98,Italy,,2020-02-24,1969.2863903593916,1316.3528479170197,10.48576303227593,4065005.0536970897,2710083.846075858,241.43083339613523
99,Jamaica,,2020-04-16,11.195082151644664,8.45375871512478,2.971111842085013,73.62421537164504,52.18479674527287,9.305959492528505
100,Japan,,2020-02-22,71.78563165593467,49.14749319702691,3.871216279211426,7676.9887643459315,5122.200840488842,12.624992774662356
101,Jersey,,2020-04-03,99999.0,99999.0,99999.0,99999.0,99999.0,99999.0
102,Jordan,,2020-03-23,19.245848454349005,14.817972818379097,5.962221546439284,126.60706082890262,89.73335869537112,15.98595442830815
103,Kazakhstan,,2020-03-27,57.159015642977394,39.59021793467992,4.452622518084949,5543.806246258987,3706.021483388782,30.451957648371994
104,Kenya,,2020-04-03,58.20009747805114,40.2217586152657,4.2650808896948185,1748.380119193598,1168.5433552739164,8.86982743455294
105,Kiribati,,2022-01-26,4.502617453546171,4.686745163436688,5.055000583217726,135.90429245043944,106.90036930352579,48.89252300969848
106,Kosovo,,2020-03-30,99999.0,99999.0,99999.0,99999.0,99999.0,99999.0
107,Kuwait,,2020-03-15,61.6749151456377,47.68402794584938,19.70225354627276,9543.105237727432,6379.183303192966,51.33943412403316
108,Kyrgyzstan,,2021-06-27,72.36308080237443,59.36369741004995,33.36493062540099,42619.67402815092,29963.00953715826,4649.680555172911
109,Laos,,2021-04-23,99999.0,99999.0,99999.0,99999.0,99999.0,99999.0
110,Latvia,,2020-03-22,10.061702718171665,16.5391750708239,29.494119776128365,98.81938652359035,94.38925112356672,85.52898032351946
111,Lebanon,,2020-03-17,16.69619134292954,11.71687856983187,1.758253023636527,184.31418522709217,124.4793746735366,4.809753566425492
112,Lesotho,,2020-07-09,19.457131011584906,14.49202935964354,4.561826055760811,249.72182583156965,171.93004230131754,16.346475240813394
113,Liberia,,2020-04-20,34.87750383985621,23.86587338226368,1.842612467078621,248.8870463214398,166.9462568508003,3.0646779095213126
114,Libya,,2020-05-30,35.584379497551986,25.346010103743627,4.869271316126906,1668.9355635969343,1117.474084617482,14.551126658576223
115,Liechtenstein,,2020-08-23,44.965845797679656,30.277245890998856,0.9000460776372515,253.73661357874354,169.4826570836972,0.974744093604465
116,Lithuania,,2020-03-25,10.813475514269504,9.01141454090638,5.407292594180127,154.35677410640437,111.2699497514726,25.096301041609035
117,Luxembourg,,2020-03-22,27.02662496440792,26.744366300296136,26.179848972072595,815.322274391134,675.7919607856958,396.73133357481856
118,Madagascar,,2020-04-12,68.08466919227963,47.66737506189636,6.832786801129796,856.3900826914982,573.8969042603587,8.910547398079705
119,Malawi,,2020-05-26,30.396384058812725,25.451085816346534,15.560489331414182,1171.3041916425568,796.4221867704417,46.6581770262124
120,Malaysia,,2020-03-10,6.152456527593903,10.275990940887333,18.52305976747419,428.38816249642787,319.7936187747007,102.60453133124629
121,Maldives,,2020-04-23,26.101089003962823,22.160437920718362,14.279135754229438,593.8323410418644,417.2470429156016,64.076446663076
122,Mali,,2020-04-12,23.531241581331834,16.43186661264148,2.233116675260768,413.8590904924252,278.1442543559644,6.71458208304287
123,Malta,,2020-03-22,16.302265586050428,15.253008062608414,13.15449301572438,79.49596234614621,62.1193712582574,27.366189082479774
124,Marshall Islands,,2022-08-10,44.704979170788015,46.677907769762136,50.62376496771041,6832.884637019466,6300.913975460998,5236.972652344062
125,Martinique,,2020-03-30,99999.0,99999.0,99999.0,99999.0,99999.0,99999.0
126,Mauritania,,2020-05-20,2127.221471131087,1420.1265962114023,5.9368463720337505,134654.65413137322,89779.48085156076,29.13429193580675
127,Mauritius,,2020-03-29,9.067956774980178,7.540550264556628,4.48573724370952,30.267928309419972,24.24226344440997,12.190933714389962
128,Mayotte,,2020-04-01,99999.0,99999.0,99999.0,99999.0,99999.0,99999.0
129,Mexico,,2020-03-13,51.27997763555109,35.20412972358146,3.0524338996421925,37504.63167520847,25015.398185749,36.931206830068376
130,Micronesia (country),,2022-07-22,99999.0,99999.0,99999.0,99999.0,99999.0,99999.0
131,Monaco,,2020-08-23,19.491391877100426,13.386861576150643,1.1778009742510818,62.23766623463704,42.02109389573538,1.5879492179320722
132,Mongolia,,2020-05-16,13.608976410513149,10.056757709567401,2.9523203076759095,37.344288375714925,26.49286523515183,4.790018954025654
133,Montenegro,,2020-08-02,40.90679182592715,33.3046950322503,18.100501444896576,3321.9525007679736,2265.210765122737,151.7272938322657
134,Montserrat,,2022-01-09,99999.0,99999.0,99999.0,99999.0,99999.0,99999.0
135,Morocco,,2020-03-23,554.8928029040142,372.60519009092417,8.029964464744197,44332.08597160789,29569.6256780393,44.705090902118606
136,Mozambique,,2020-05-12,28.585590276182575,20.007575317401486,2.85154539983932,397.4764284877524,267.0150048147388,6.092157468711597
137,Myanmar,,2020-04-19,22.522164761658786,15.799045431327313,2.3528067706643614,63.607625268373724,43.58176238314324,3.5300366126822995
138,Namibia,,2020-06-26,32.56157689324057,24.395656069208176,8.063814421143407,2430.5942213091944,1632.2402992992654,35.53245527940653
139,Nauru,,2022-06-19,6.980328980194583,14.905396067374642,30.755530241734775,313.4969919401024,352.7894655269643,431.374412700688
140,Nepal,,2020-05-06,135.79849890847942,94.10286125965742,10.711585962013368,19887.564101339467,13268.69938283227,30.969945817877722
141,Netherlands,,2020-03-08,37.91155393203059,41.7766207777885,49.50675446930429,15016.083827704566,10359.75019859287,1047.0829403694795
142,New Caledonia,,2021-03-18,3.9921120012120386,3.123387737839724,1.3859392110950932,5.018370173104074,3.8976181632684948,1.656114143597337
143,New Zealand,,2020-03-23,0.4839420905735137,0.918717665583015,1.7882688156020177,5.469773147759574,7.465417991270316,11.456707678291801
144,Nicaragua,,2020-05-21,14.287090030617493,18.0858963470168,25.68350897981543,406.87841096704227,327.5408748810802,168.86580270915596
145,Niger,,2020-04-02,12.495959013618227,13.38047237608943,15.149499101031827,119.03001431177076,99.14613414591597,59.37837381420633
146,Nigeria,,2020-03-30,568.2108857878679,385.1727087604291,19.096354705551466,76243.9745697486,50850.39480250449,63.23526801623303
147,Niue,,2022-11-22,99999.0,99999.0,99999.0,99999.0,99999.0,99999.0
148,North Macedonia,,2020-03-22,13.664686836563641,18.648038183880594,28.61474087851451,338.0955742568206,254.47822259871117,87.24351928249244
149,Norway,,2020-03-05,8.425677354518326,15.534788581099606,29.753011034262173,663.0456006539838,511.46035281356654,208.28985713273184
150,Oman,,2020-03-27,31.39844843010196,22.355607505732614,4.2699256569939354,3917.7598965534467,2617.9198599211577,18.239786656579724
151,Pakistan,,2020-03-19,65.44008934814747,45.31701698212304,5.070872250074182,31817.601305851855,21231.773109563645,60.11671698722497
152,Palau,,2022-01-16,7.45221276050599,6.495536321629156,4.582183443875497,292.512510362623,206.86594498661202,35.57281423458999
153,Panama,,2020-03-20,25.819358186265546,21.338506095816896,12.376801914919614,3052.626170525366,2061.9725552082214,80.66532457393365
154,Papua New Guinea,,2020-08-03,55.76984830568832,38.64025688261176,4.381074036458625,298.5125774159109,202.50431591938863,10.487792926343968
155,Paraguay,,2020-04-06,252.75098677687575,169.41461571869178,2.7418736023237464,2548.033010456267,1700.2873789876553,4.79611605042986
156,Peru,,2020-03-18,60.21328701833292,51.05260045194202,32.73122731916026,61852.066642841506,41336.311937366605,304.80252641677856
157,Philippines,,2020-03-15,45.23503348460399,33.138345981320306,8.944970974752954,5796.309679138655,3883.6337584279086,58.28191700641687
158,Poland,,2020-03-15,39.342028777746144,28.187241430752852,5.877666736766299,7308.4646731817675,4887.979029341986,47.007741662422795
159,Portugal,,2020-03-15,6.224927349334714,19.17488552803405,45.07480188543273,1617.5787988989573,1369.6997801069322,873.9417425228824
160,Puerto Rico,,2020-03-25,17.64161363631239,12.780473560793807,3.0581934097566483,251.87066830030543,172.18000571455073,12.798680543041286
161,Qatar,,2020-03-12,34.50241420869283,32.10320629115842,27.304790456089616,10503.003831173704,7057.9515327255385,167.84693582920957
162,South Korea,,2020-02-21,99999.0,99999.0,99999.0,99999.0,99999.0,99999.0
163,Moldova,,2020-03-24,99999.0,99999.0,99999.0,99999.0,99999.0,99999.0
164,Romania,,2020-03-14,121.8516327252763,83.59587794058943,7.084368371215678,21841.93020577548,14577.190063596454,47.709779238398035
165,Russia,,2020-03-19,99999.0,99999.0,99999.0,99999.0,99999.0,99999.0
166,Rwanda,,2020-04-05,21.11064417645813,15.034062111093652,2.880897980364698,123.20023962099683,83.51666395487455,4.149512622630032
167,Reunion,,2020-03-27,99999.0,99999.0,99999.0,99999.0,99999.0,99999.0
168,Saint Barthelemy,,2020-11-13,99999.0,99999.0,99999.0,99999.0,99999.0,99999.0
169,Saint Kitts and Nevis,,2021-06-10,13.892596983811323,10.24733123288609,2.956799731035624,113.3879607431267,78.44094462244708,8.546912381087806
170,Saint Lucia,,2020-11-05,21.670718080594888,17.051067401024934,7.811766041885017,124.14959481794972,87.18185005501552,13.246360529147093
171,Saint Pierre and Miquelon,,2022-01-05,99999.0,99999.0,99999.0,99999.0,99999.0,99999.0
172,Saint Vincent and the Grenadines,,2020-12-21,657.9582977899729,440.1384672820784,4.498806266289557,9728.279301604489,6487.926977753169,7.222330050528242
173,Samoa,,2022-03-20,51.47675829980683,37.12340751442745,8.416705943668676,6123.702355734846,4126.02834881324,130.6803349700291
174,San Marino,,2020-03-17,18.23019674778736,16.730341693157996,13.730631583899283,117.22733949986875,87.63062749006228,28.437203470449354
175,Sao Tome and Principe,,2020-05-04,2683.742729992375,1791.8347760162703,8.018868064060547,19709.205759892182,13146.842353603586,22.115541026397175
176,Saudi Arabia,,2020-03-15,15.725256698778542,13.548005827210948,9.193504084075752,10657.93197005598,7123.88240829245,55.78328476538692
177,Senegal,,2020-03-25,74.22955805132172,51.63631787103561,6.4498375104634205,2188.91542997843,1464.0823558741624,14.416207665627665
178,Serbia,,2020-03-20,19.80637895813829,14.533979956581048,3.9891819534665682,2137.5499269699385,1440.6771233248962,46.93151603481231
179,Seychelles,,2020-07-10,3.2126956248484926,2.666938689638989,1.5754248192199811,4.417646087549837,3.5514708695124155,1.819120433437572
180,Sierra Leone,,2020-04-29,31919.893060083148,21280.605480638067,2.0303217479059303,510671.8962141177,340450.7198064658,8.366991162019286
181,Singapore,,2020-03-01,79.53579491231227,54.096327722053005,3.217393341534478,16745.400728541816,11166.492490048813,8.676013062808636
182,Slovakia,,2020-03-19,29.00090169531268,20.64552353438016,3.9347672125151356,419.17540338207306,284.76218504136,15.935748359933829
183,Slovenia,,2020-03-15,978.2407950050609,658.1959593590648,18.10628806707219,14185.993015118573,9486.396234661617,87.20267374770275
184,Solomon Islands,,2022-01-21,23.871594848301033,19.513564165593472,10.797502800178345,2413.7333732134575,1659.7609967673066,151.81624387500378
185,Somalia,,2020-04-18,202.05819050267445,136.04822215603832,4.028285462766055,5488.16664355016,3665.404871356047,19.881326967823036
186,South Africa,,2020-03-19,61.54832426437148,48.251670971692945,21.65836438633589,13768.293090756071,9232.15842334523,159.8890885235393
187,South Sudan,,2020-05-09,4.7521756423713,5.216352182072497,6.144705261474892,99.42681066122448,75.80337468535583,28.556502733618554
188,Spain,,2020-03-01,86.86492108471727,82.36328309953312,73.36000712916481,191907.07373154486,129341.65137593511,4210.806664715529
189,Sri Lanka,,2020-03-23,63.4006224404513,42.81165276667935,1.6337134191354468,799.4826192380542,533.8906216630376,2.706626513003941
190,Sudan,,2020-04-21,27.8090995513515,19.712440889000018,3.5191235642970478,2386.470390522854,1600.4181041401632,28.3135313747814
191,Suriname,,2020-06-08,8.791010412408626,7.3351303907099625,4.423370347312634,180.32108198134642,124.85214042241508,13.91425730455239
192,Sweden,,2020-03-07,1240.1037834801286,829.7769743004235,9.123355941013305,381781.37715688534,254538.97073770364,54.15789934014827
193,Switzerland,,2020-03-04,1.4626326799031153,2.664415831406172,5.067982134412286,414.38301716559243,323.1219129335576,140.599704469488
194,Syria,,2020-05-26,99999.0,99999.0,99999.0,99999.0,99999.0,99999.0
195,Tajikistan,,2020-05-04,2199.99588151772,1469.8590213466678,9.585301004562629,143886.41427808505,95955.2246739829,92.84546577860839
196,Thailand,,2020-03-12,4.193586260704612,4.031378021220556,3.706961542252437,123.98056368990463,89.76574579321483,21.336109999835212
197,United Kingdom,,2020-03-04,51.648313996240155,37.1093906294945,8.031543896003198,91600.98768796344,61111.8170697094,133.4758332012754
198,Togo,,2020-04-30,21.974373099527686,15.756575144583845,3.3209792346961566,145.14924466482145,98.90811271770119,6.425848823460568
199,Tonga,,2022-02-13,62.629369066347984,48.71064842712742,20.873207148686323,5027.305297314285,3381.842079088554,90.91564263709289
200,Trinidad and Tobago,,2020-04-07,2.5669322330537656,2.290343873570778,1.7371671546048029,3.04463797367481,2.6855187339852726,1.9672802546061976
201,Tunisia,,2020-03-25,2.0601287898831258,2.9293948547765356,4.667926984563355,21.974178863828772,21.628778904961752,20.93797898722772
202,Turks and Caicos Islands,,2020-07-31,7.327856282001055,6.792802611106294,5.722695269316774,46.98926652787811,35.16024687237296,11.50220756136264
203,Tuvalu,,2022-11-05,15.150430329296306,18.16147387929648,24.183560979296832,421.0304588511443,402.4867379170821,365.3992960489575
204,Turkey,,2020-03-19,99999.0,99999.0,99999.0,99999.0,99999.0,99999.0
205,Uganda,,2020-05-18,19.533771534900932,13.910897301087447,2.6651488334604707,212.78944760322636,144.98495952911472,9.375983380891446
206,Ukraine,,2020-03-22,57.47062878362846,50.66821753643196,37.06339504203893,9922.264174482474,6697.757039320716,248.742768997203
207,United Arab Emirates,,2020-03-18,31.577067955361176,22.781455554215967,5.190230751925527,8441.9151885259,5637.25178588073,27.924980590389314
208,Tanzania,,2020-04-18,99999.0,99999.0,99999.0,99999.0,99999.0,99999.0
209,United States Virgin Islands,,2020-07-05,39.41384038899676,27.524647386123984,3.746261380378431,422.69474665945694,284.5079941414697,8.13448910549525
210,United States,,2020-03-04,1844.8964461263404,1231.777871252332,5.540721504315652,24588101.995024938,16392212.015470168,432.05636063343496
211,Uruguay,,2020-03-23,17.671593746546996,14.763392542828152,8.946990135390465,141.08835650640427,103.84637356662049,29.362407687052954
212,Uzbekistan,,2021-03-28,24.77123011572217,26.52675150886744,30.037794295157997,4543.66100676957,3261.783484700061,698.0284405610449
213,Vanuatu,,2022-03-09,395.7786937665287,266.4718437611548,7.858143750406767,31999.597030909823,21365.26287823341,96.5945728805923
214,Venezuela,,2020-03-28,99999.0,99999.0,99999.0,99999.0,99999.0,99999.0
215,Vietnam,,2020-03-23,99999.0,99999.0,99999.0,99999.0,99999.0,99999.0
216,Wallis and Futuna,,2021-03-11,99999.0,99999.0,99999.0,99999.0,99999.0,99999.0
217,Yemen,,2020-05-16,10.46601263863478,8.39166166303928,4.242959711848283,134.08911728749953,93.32027549383363,11.782591906501798
218,Zambia,,2020-05-01,26.50749897402721,20.440648088112052,8.30694631628174,578.1182500714357,396.5009860404534,33.266457978488766
219,Zimbabwe,,2020-05-26,4831.699775599611,3222.105806493304,2.917868280689152,209343.61144772015,139565.20123456395,8.380808251565709
220,Palestine,,2020-03-30,99999.0,99999.0,99999.0,99999.0,99999.0,99999.0
221,United States,Washington,2020-03-07,28.779653673141137,20.97973964458058,5.37991158745945,5039.0577206858625,3388.7934764196143,88.264987887119
222,Australia,Australian Capital Territory,2020-04-10,5113.613436230599,3409.17111805477,0.2864817031102056,5564.775751089378,3709.951597758097,0.30329109553640266
223,Australia,New South Wales,2020-03-14,8.822119957215966,8.078843862686467,6.592291673627473,267.4994733272511,198.26613246403105,59.79945073759086
224,Australia,Northern Territory,2021-02-03,5.302842059547192,3.741208599391118,0.6179416790789688,7.782253677537862,5.404644776344689,0.6494269739583396
225,Australia,Queensland,2020-03-19,1.5567592361821636,1.9935697879037029,2.8671908913467847,16.53416749025755,16.251739654166897,15.686883981985597
226,Australia,South Australia,2020-03-23,6.6662433775720356,5.927814711654406,4.450957379819149,29.264657150694443,24.430850670866135,14.763237711209497
227,Australia,Tasmania,2020-04-09,3.379458784870847,2.7380358723280738,1.455190047242524,7.703473185474346,6.001061355010366,2.5962376940824052
228,Australia,Victoria,2020-03-18,8.351057637701398,7.141153875852117,4.721346352153559,132.9477553110959,95.44101028957674,20.4275202465384
229,Australia,Western Australia,2020-03-22,3.359975000289213,3.216650995978707,2.9300029873576987,18.80613865416847,15.851903807440646,9.943434113984987
230,Canada,Alberta,2020-03-19,58.06403625089892,40.72883662287176,6.05843736681741,3589.5760732971007,2406.189676197363,39.416881997886954
231,Canada,British Columbia,2020-03-16,449.01319746487644,300.7401679957787,4.194109057583164,10429.307919292254,6960.334649034565,22.388108519187476
232,Canada,Manitoba,2020-03-31,3.644003518113649,3.023525451112288,1.782569317109565,10.786002123617788,8.439875221758777,3.7476214180407603
233,Canada,New Brunswick,2020-04-06,11.055193188168232,8.417242987265132,3.1413425854589323,17.072793876020864,12.589675335630908,3.623438254850989
234,Canada,Nova Scotia,2020-03-28,153.2107782312266,102.57810127817213,1.3127473720631186,1612.6770439093227,1076.7385928918916,4.861690857028835
235,Canada,Nunavut,2020-11-21,3.6373921639800764,3.5368396298669813,3.3357345616407943,10.279676182792567,9.00116259603096,6.4441354225077445
236,Canada,Ontario,2020-03-10,43.56024916163889,32.55279896943131,10.537898585016126,9425.970479588947,6308.112256346469,72.3958098615143
237,Canada,Prince Edward Island,2021-01-07,11.357161134179638,7.979633926766283,1.2245795119395728,16.577249458422767,11.495578849288021,1.3322376310185255
238,Canada,Quebec,2020-03-17,23.753355217293386,19.977589495275367,12.426058051239318,10051.43630963084,6753.78347683195,158.4778112341683
239,Canada,Saskatchewan,2020-03-27,40.28225555739936,27.498429320222606,1.9307768458690988,245.57094272755754,165.1500408219192,4.308237010642399
240,Canada,Yukon,2021-06-13,12.482852513977486,10.377505191065046,6.166810545240158,81.0184859903792,58.573895371592656,13.68471413401959
241,United States,Illinois,2020-03-16,1215.7072545228227,811.4680665105107,2.9896904858868236,1224877.1929198669,816613.3027166205,85.52231012740565
242,United States,California,2020-03-08,31.751692682677884,22.053586384713523,2.657373788784789,24238.154764162664,16177.2292585479,55.37824731837309
243,United States,Arizona,2020-03-21,18.136182837883,12.895983797989524,2.4155857182025904,2691.4209895369827,1806.0583144984407,35.33296442135681
244,United States,Massachusetts,2020-03-12,59.95283933872283,42.52418246946652,7.666868730953899,54104.52434619373,36103.95303904722,102.81042475419761
245,United States,Wisconsin,2020-03-18,52.44865598987444,35.94812768412295,2.947071072619967,7411.237677725957,4948.071880954866,21.740287412681987
246,United States,Texas,2020-03-17,38.344936887810164,27.04806119378321,4.454309805729291,20577.795148766578,13757.697788464542,117.50306786047226
247,United States,Nebraska,2020-03-27,302.4274123489959,202.41008857001015,2.375441012038509,42330.60526582225,28225.816352758608,16.23852663134546
248,United States,Utah,2020-03-20,35.118179119248694,24.656988709740492,3.7346078907241016,2926.5537074124413,1960.3398769521682,27.91221603162293
249,United States,Oregon,2020-03-20,1689.2571311390573,1126.98871306637,2.4518769209957636,79557.35969331594,53042.149100525516,11.727914944670639
250,United States,Florida,2020-03-15,25.45850617408299,18.188530403628256,3.648578862718793,12112.129558146387,8096.819976212554,66.20081234488875
251,United States,New York,2020-03-08,19.946057240120442,19.975739167967088,20.035103023660376,66296.75539763457,44422.43849164145,673.8046796552453
252,United States,Rhode Island,2020-03-23,16.676434873513106,13.556517555444545,7.316682919307435,2217.8242090473263,1489.9128360404825,34.09009002679555
253,United States,Georgia,2020-03-16,19.269933190890846,15.942935878046205,9.288941252356933,7642.695621591359,5166.191836892493,213.18426749476163
254,United States,New Hampshire,2020-03-23,42.3046877149944,29.67702962751585,4.421713452558734,1739.364809183727,1166.7523261274357,21.527360014853226
255,United States,North Carolina,2020-03-19,52.80235243701542,36.26125861515882,3.179070971445632,11753.81627966074,7847.176548720834,33.89708684102532
256,United States,New Jersey,2020-03-16,26.08881900487675,19.73785936406194,7.035940082432317,37210.18655110182,24912.239723798044,316.34606919049827
257,United States,Colorado,2020-03-14,35.953192879231025,24.970438198583757,3.0049288372892273,7524.6454575622365,5030.166330196982,41.208075466472
258,United States,Maryland,2020-03-19,49.3676163277802,34.71820040519214,5.419368560016047,21044.592709535093,14053.027126949866,69.89596177942141
259,United States,Nevada,2020-03-20,25.048156258117828,18.616663254429675,5.753677247053359,1990.045950173921,1342.205934433848,46.52590295370158
260,United States,Tennessee,2020-03-19,46.6744161286352,32.364660880572934,3.7451503844484257,9019.127422556052,6031.084436412068,54.99846412409867
261,United States,Hawaii,2020-03-26,463.4346058397,309.44508327016547,1.4660381310962467,3201.246438930825,2135.776024943649,4.835196969297745
262,United States,Indiana,2020-03-21,16.276173602162668,13.168857990310078,6.954226766604917,4448.948282952601,2998.908489478369,98.82890252990332
263,United States,Kentucky,2020-03-22,43.40591080437514,31.52680126809243,7.7685821955270224,3774.71663403727,2529.8625730531503,40.15445108490945
264,United States,Minnesota,2020-03-20,64.3751479610569,43.86223275851671,2.836402353436333,11645.921923649761,7769.9321818668,17.95269830088103
265,United States,Oklahoma,2020-03-24,31.29484606399006,23.037991066742823,6.524281072248327,1934.842978963841,1306.2675261988097,49.116620668746805
266,United States,Pennsylvania,2020-03-17,30.773268493818858,26.977043870574263,19.384594624085043,20398.565299316917,13681.4755833664,247.2961514653613
267,United States,South Carolina,2020-03-20,52.09409817670723,35.89547997070699,3.498243558706516,7105.340962913275,4748.53017663269,34.90860407151967
268,United States,District of Columbia,2020-03-23,36.94992768310654,26.02733015166503,4.182135088782023,2875.0251238621063,1926.9310327642822,30.742850568633873
269,United States,Kansas,2020-03-24,54.41318748131139,37.11051364955005,2.505165986027357,4637.158256944608,3098.574984390236,21.408439281490683
270,United States,Missouri,2020-03-22,27.030180849401663,19.08626367704201,3.1984293323226907,3405.6059691537084,2287.499595962258,51.28684957935629
271,United States,Vermont,2020-03-25,10.199987158750822,8.827343377932237,6.082055816295076,103.49515034773587,77.28832613796706,24.874677718429446
272,United States,Virginia,2020-03-20,47.24682702024822,32.48136638975399,2.9504451287655202,16744.162437448762,11175.519181689438,38.23267017078446
273,United States,Connecticut,2020-03-19,37.2460110665264,27.11814193492691,6.862403671727953,13806.997409817095,9241.133245898085,109.40491806005578
274,United States,Iowa,2020-03-23,768.8619372971182,516.8519030701696,12.83183461627218,138025.45571156708,92041.25437431163,72.85169980070894
275,United States,Louisiana,2020-03-15,12.476871394602062,12.45479908083484,12.410654453300406,4474.830446126448,3091.8843227699986,325.99207605709745
276,United States,Ohio,2020-03-19,50.212316865218106,34.29755358294423,2.468027018396428,14187.75353519013,9468.679833031914,30.532428715487463
277,United States,Michigan,2020-03-19,659.2508021831518,440.0699846645746,1.708349627420253,395411.14027850237,263643.86205405253,109.30560515284085
278,United States,South Dakota,2020-03-31,35.86146048010176,24.833715058786186,2.7782242161550332,1811.35719137204,1214.2352981628749,19.991511744544717
279,United States,Arkansas,2020-03-21,46.81645348741546,32.05853888380281,2.542709676577507,2944.123074838744,1969.084437985878,19.007164280144416
280,United States,Delaware,2020-03-24,77.7923234639971,54.99537735006247,9.401485122193174,7540.388059329022,5044.395913291701,52.411621217057814
281,United States,Mississippi,2020-03-21,38.865568041680554,27.28468408738664,4.122916178798806,5974.64159260213,3995.0137256120397,35.75799163185571
282,United States,New Mexico,2020-03-25,2862.447160998963,1908.9747214675247,2.029842404646064,216889.91124920826,144597.34410032895,12.209802570423161
283,United States,North Dakota,2020-03-30,46.93000496903111,35.10296951107211,11.448898595154084,1179.8483231912303,798.6134588759766,36.14373024546946
284,United States,Wyoming,2020-03-31,15.31668328382016,11.463172466532086,3.756150831955934,149.30038410245467,102.791450404564,9.773583008782724
285,United States,Alaska,2020-03-28,19.62572925188735,13.552497681109044,1.4060345395524312,118.1670125193036,79.77145211496297,2.980331306281733
286,United States,Maine,2020-03-23,22.957383215644743,16.30808579761229,3.0094909615473937,499.41176949368474,336.677770665917,11.20977301038145
287,United States,Alabama,2020-03-20,40.98428609781226,33.66571036766734,19.028558907377484,6157.617373171003,4142.4027222525665,111.97342041568947
288,United States,Idaho,2020-03-25,48.362241122246445,35.43979909499264,9.594915040485018,1234.2101915213839,846.8185531435021,72.03527638773792
289,United States,Montana,2020-03-27,7.018934019732562,5.0007916512963995,0.9645069144240714,39.39074992782488,27.145808820592965,2.6559266061291393
290,United States,Puerto Rico,2020-03-29,278.54498111415245,186.8412463070775,3.43377669292769,15267.017068301178,10188.479482075174,31.40430962317058
291,United States,West Virginia,2020-03-28,1159.571255636387,773.9159787261386,2.6054249056418315,26607.493568769336,17742.07974630015,11.252101361774692
