,country,domain,first_day_above_hundred,0,1,2,3,4,5,6,7,8,9,10,11,12,13,14,15,16,17,18,19,20,21,22,23,24,25,26,27,28,29,30,31,32,33,34,35,36,37,38,39,40,41,42,43,44,45,46,47,48,49,50,51,52,53,54,55,56,57,58,59,60,61,62,63,64,65,66,67,68,69,70,71,72,73,74,75,76,77,78,79,80,81,82,83
0,El Salvador,,2023-04-05,104.0,104.0049609382556,104.00906726684995,104.01251261073403,104.01543275048603,104.01792699521492,104.02006901566784,104.02191687799751,104.02351593034838,104.02490338202153,104.02610928516657,104.02715902831508,104.02807364820592,104.02887123013322,104.02956705663233,104.03017437136354,104.0307045524309,104.0311674504099,104.03157167588216,104.03192463113366,104.0322328355749,104.03250198037345,104.03273695200987,104.03294208495869,104.03312120778972,104.03327757580027,104.03341401852951,104.03353308052787,104.03363702984413,104.03372781078204,104.03380699611594,104.03387601437399,104.03393617321488,104.03398865942793,104.0340345434495,104.0340746621318,104.03410964229431,104.0341400746617,104.0341665197465,104.03418950784915,104.03420953905793,104.03422708246914,104.03424246025108,104.03425588050136,104.03426756772386,104.03427773275473,104.03428657276244,104.03429427124769,104.03430099804353,104.03430688827127,104.03431202915894,104.03431650590095,104.03432039869463,104.03432378273703,104.03432672822485,104.03432930035447,104.03433155257117,104.03433351784405,104.03433522925218,104.03433671784529,104.03433801253345,104.03433914008704,104.03434012507667,104.0343409858594,104.03434173610482,104.03434238912875,104.03434295726976,104.03434345188909,104.03434388337071,104.03434426030545,104.03434458889593,104.03434487491083,104.03434512370765,104.03434534023285,104.03434552902176,104.0343456940012,104.03434583792306,104.03434596320162,104.03434607210946,104.03434616677474,104.03434624918118,104.03434632116334,104.03434638401299,104.03434643876719
1,Japan,,2023-04-12,108.0,108.09412568071913,108.30391949930363,108.59715639381652,108.95645055048428,109.37515944623851,109.8489726624487,110.37860501901464,110.96409342384206,111.60597937369792,112.30576406410796,113.0642576062964,113.88200197788892,114.76068074196152,115.69885784770679,116.69322840336781,117.74211311466826,118.84545870135096,120.00482980693609,121.21891639821003,122.48010917724612,123.7825913912156,125.12263276489995,126.49858950069073,127.91082988865249,129.35495675932302,130.8225208787341,132.30766561030617,133.80595181541415,135.31435785338724,136.83127958150908,138.35290694771442,139.8724564426234,141.38559710718772,142.88848489834155,144.37776171993747,145.85055542274682,147.30447970130726,148.73437657180546,150.13740103876077,151.51409979557678,152.86397562160963,154.18548738216802,155.47605002851324,156.73203459785915,157.94876821337218,159.12230931680097,160.2573472323659,161.35646108875378,162.42016052506202,163.44734016289934,164.43527960638573,165.38079927379982,166.28705751792018,167.1564254383559,167.9899701968223,168.78785397959447,169.5493339975076,170.27315809671938,170.96125304783706,171.61629920980815,172.24007163474525,172.83354411371684,173.39688917674735,173.92947809281696,174.43088890509964,174.90416530649512,175.3518000210119,175.77548452842066,176.17617100370802,176.55407231707673,176.90866203394555,177.23978770242147,177.5504515882436,177.84259354856093,178.1175355623461,178.3760595403184,178.61840732494386,178.84428069043517,179.05444609961265,179.2509637762911,179.43466849832504,179.60623166620874,179.76616306804297
2,Austria,,2022-07-26,111.0,111.8968352004727,114.13563032705812,117.28338597659338,121.0858338539237,125.3794794722921,130.05596938392873,135.0193922792893,140.20960891439236,145.56522108674284,151.0274383337692,156.55925158133846,162.1242763089169,167.6827207941854,173.20173484634182,178.66467472858372,184.05339363714455,189.34642653924143,194.52323612268657,199.57933028765126,204.51096996343898,209.31119897060046,213.97000471582555,218.48334653862167,222.85632662439258,227.09136443215777,231.18834200375343,235.14473497663394,238.96312209414927,242.65110415240326,246.21392738015356,249.6550519351318,252.9761519040438,256.1804442963529,259.27565809503955,262.26772407834017,265.1614796858652,267.96067081863146,270.66830886363414,273.2902341710286,275.83215882521375,278.29893172715146,280.6948521819739,283.0236698989835,285.28897174367233,287.4956861354619,289.6480536528566,291.7500346880827,293.80541538169166,295.8178076225608,297.79071496033737,299.7279318865429,301.63283966519,303.50875851917874,305.35905346741527,307.18713432481195,308.99645570228734,310.79035061637813,312.5718626435109,314.34421589565864,316.11070126734364,317.8746728135532,319.6395477497397,321.40880645182057,323.18539148272765,324.9725214612324,326.7754453883037,328.5989752077394,330.44740119778993,332.3244919711587,334.23349447500175,336.1771447038653,338.16030365049517,340.1920796431171,342.2805345134013,344.4321322456247,346.6517389766708,348.94271225004246,351.3128099308319,353.7768082259881,356.34775223708994,359.036271741723,361.85058119347957,364.7976849548039
3,Bolivia,,2022-09-07,103.0,107.57566592477231,111.2372185686305,114.53728302819214,117.76564026542404,121.09617527520103,124.60592604224279,128.34992859647136,132.3278849330273,136.53592758832409,140.9619014029338,145.56438956307667,150.30547115974727,155.15459247862,160.0704721354129,165.0101232558661,169.93648225295806,174.81539413428658,179.61514749211497,184.30439661153596,188.86766168955805,193.2902614658102,197.553874123016,201.63661035047517,205.52678881278084,209.229975066624,212.74786637890443,216.07791860089787,219.213346168256,222.1491458047018,224.89891997417186,227.47625140735113,229.88931061647156,232.1408597994476,234.2282528398762,236.15092899130954,237.92840805622575,239.57451063414413,241.09892186334676,242.50752877137325,243.8024202750206,244.98387462036686,246.0647743513116,247.0564556288766,247.9669806211476,248.80218111736755,249.56565852793656,250.25884159402318,250.88724848599563,251.45940666373366,251.98111249005836,252.45691586946353,252.89012024811566,253.28278261385404,253.63631812015456,253.95571687620222,254.24514339920944,254.50774526265528,254.74600197224538,254.9617249659121,255.15605761381454,255.33007369830742,255.48672648125378,255.62810497019723,255.75586099593292,255.87130643967402,255.97541323305157,256.06881335811465,256.15210370249184,256.2268169651084,256.2940087634265,256.3545178731775,256.4090189014346,256.4580222866127,256.5018742984684,256.5408565135015,256.575700435913,256.60693956759354,256.6349873223432,256.66018121482705,256.68278286057546,256.7029779759838,256.7208984418021,256.73688399994757
4,Guatemala,,2022-11-09,111.0,113.95535472807055,117.78683986039302,122.11226263156442,126.68096954082128,131.3348807593462,135.97570599708706,140.54093311010914,144.9996071492466,149.3276338826102,153.5197850183707,157.57566288179714,161.49330443766996,165.2789285120905,168.94113217424547,172.485939253837,175.91766493807108,179.2447584684603,182.47546944470534,185.61692123652745,188.67539651376137,191.65633724635532,194.56876366943857,197.42085154089756,200.2120862891602,202.94370782893816,205.6188611031467,208.24259608290498,210.82186776753562,213.3655361845651,215.88436638972345,218.38900009654037,220.870026952563,223.32652852171233,225.76331249399027,228.18649375600947,230.59956729189574,233.0052697490164,235.40712524451263,237.80899566642833,240.21459207961541,242.62654067257705,245.0476411082952,247.48110199104244,249.9305408663819,252.39998422116733,254.8935011966148,257.4136559357073,259.9631502430138,262.54517175215636,265.1633674607486,267.82184373039547,270.52516628669326,273.27810512356075,276.08381768057774,278.9457549618217,281.86796514325727,284.8549679920733,287.91175486668317,291.0437887167247,294.2568851433033,297.5555583792372,300.9450070122956,304.4310909850125,308.01994453577805,311.71797619883904,315.5318688042984,319.4683559817762,323.53421521259975,327.73816613312556,332.0889201983107,336.59495544886516,341.26451651125257,346.10561459768957,351.12518659712117,356.3330011759355,361.74532477860834,367.37684018935914,373.2402605916568,379.34632956821986,385.70382110101616,392.31953957126314,399.2037765182904,406.3832868699798
5,Sweden,,2022-08-02,102.0,107.20749506796245,111.12967991013232,114.28580741711932,116.99030071938805,119.42020436827963,121.69778123039399,123.87321898140883,125.99310451913739,128.07732300483633,130.13016897288006,132.1615865902789,134.17492686011303,136.16521579704042,138.13062237690605,140.07209495129553,141.9880346520501,143.87503948834697,145.73153868870006,147.5562003957187,149.34793166610729,151.10562988436055,152.82812123085506,154.51657671354374,156.17171662927817,157.7934438847025,159.38084399625356,160.93245037947852,162.44987918298196,163.9356945571067,165.39145743140756,166.81790730022345,168.2149622226772,169.5817311885205,170.9187195259131,172.22971779965076,173.5178412022441,174.7850587846458,176.03219345625024,177.25892198489373,178.4637749968545,179.6448652869908,180.80671664804873,181.953966013098,183.08920816064338,184.21348362290152,185.32627868580084,186.42552538898167,187.51108900967537,188.58819018016447,189.65979933236017,190.7276793770365,191.79239731222532,192.85332422321628,193.90891411024117,194.96154593503707,196.01557726873014,197.07394356291996,198.138296889688,199.20900594159758,200.28515603169387,201.36479903478215,202.45055204006903,203.5486611090122,204.663435770685,205.79710887457784,206.94983659059798,208.11969840906968,209.30322009135153,210.50525058214478,211.7348351047831,212.99762030199824,214.29613702751314,215.6298003460419,216.99490953328976,218.39141397061772,219.83160500460505,221.32342056724795,222.87155844932954,224.47751117815272,226.1395660175403,227.8625930592506,229.65830316979952,231.53227105952712
6,China,,2023-05-23,119.0,119.01528593419657,119.03138859549227,119.04995575069731,119.07232840847142,119.09978359090321,119.13369404716987,119.17579140101492,119.22800325061938,119.29279869954884,119.37331800634247,119.47341734110107,119.59744245420063,119.75119216963253,119.94210130493165,120.17924067117646,120.47469518497196,120.84242222449657,121.29497253244402,121.85188599276532,122.54009758994351,123.39393740899366,124.45513063546282,125.77334328548241,127.4050681939121,129.40986824838012,131.87323874569108,134.90977426475447,138.65980492253945,143.25569384446175,148.8486951405812,155.63938878824348,163.83417626846847,173.51257608552316,184.5830894469768,196.70590963089978,209.368277012406,222.19631236255486,234.8897949439274,247.18448790203826,258.85912391789515,269.8403529182068,280.1286606851496,289.68727215656145,298.44254804555817,306.4119331334613,313.67542695327717,320.277342919635,326.2444798088211,331.6022624570011,336.4157323433125,340.7420925258868,344.6251235968789,348.0953689317908,351.1772834099714,353.91950296003535,356.3630461307582,358.5409373676868,360.4792704709852,362.1972085954354,363.7123426611239,365.05333091045225,366.241712125692,367.29548977739313,368.22951019653914,369.05546257454716,369.7819435240174,370.42073074725715,370.984474595979,371.4824300549309,371.9225309732205,372.311390064315,372.6542989060412,372.9552279405855,373.2186175585197,373.4504708140631,373.6547754005126,373.8349624824567,373.99392433421036,374.134014339815,374.2570469930386,374.36439243515156,374.45852505995384,374.5413301082957
7,Ecuador,,2022-09-28,120.0,120.96100114129733,123.2531067275965,126.36814781914185,129.9813340320607,133.90511342724167,137.99454524915177,142.18878283168894,146.43442175532553,150.68701935336844,154.94215022771925,159.19153667071123,163.41874298151706,167.62082796527292,171.80547065855174,175.9751477910391,180.1278188043959,184.2596865431657,188.37819735722798,192.49045736958888,196.60109659613923,200.7125511015095,204.8250629990696,208.93823506389464,213.05952808659578,217.19725443730928,221.35757865107843,225.54461038764535,229.76040443145092,234.00496069163484,238.27702289412315,242.58458200542387,246.94090032267002,251.35555092424937,255.834196373979,260.37858872110536,264.9865695003042,269.652230626139,274.38009774631473,279.19412814484326,284.11266257445885,289.1456777710047,294.2947864534332,299.55323732380543,304.9061397396481,310.3611376360412,315.9560371506149,321.7151200416904,327.65000539809097,333.7596496391428,340.03034651467465,346.4517091769432,353.0670784388296,359.90591342824285,366.9850875641537,374.3103294458688,381.87622285303064,389.6835829148435,397.773214893942,406.1753116896784,414.9110891976539,423.99308585324,433.4251626315784,443.2141605098065,453.4050038907764,464.04198929635356,475.1586722100122,486.7779363806373,498.91199382252466,511.56317215878585,524.765648421233,538.601664296074,553.1383565994258,568.4222564060806,584.4792890495064,601.3147741218465,618.9241113866714,637.4037841279448,656.8883776381889,677.4745875137496,699.2211390271824,722.1487871272517,746.2423421635182,771.628854517358
8,Switzerland,,2022-07-02,115.0,118.76011625289779,121.76253679264953,124.44696188988713,127.07042347996392,129.77060717839075,132.63650560817777,135.71041186784726,139.03302229924893,142.61646442870548,146.47017500648448,150.6087924474181,155.03092163571716,159.72863544430498,164.6991770622623,169.94450090340763,175.4557745670571,181.21077766370553,187.19190976130412,193.38727045729226,199.79065937859752,206.39039125850172,213.1546925594837,220.05582021058373,227.07155483164473,234.1852005628615,241.38558506478083,248.65935463720353,255.9732429189155,263.30221005464074,270.6247963476029,277.92256961449567,285.1801251854824,292.3850859041966,299.5172771440431,306.54746251836684,313.47717144406306,320.3047343518318,327.0235693082017,333.6221820155298,340.08416581200197,346.3882016716324,352.5080582042638,358.43492938848664,364.19936551762726,369.80957030179763,375.2648074286516,380.55578762734183,385.6654923544922,390.59926793004564,395.3752800128961,400.0028377324017,404.4861202233927,408.82417662617127,413.0128798514195,417.06675994516655,421.0098085078736,424.85920266932317,428.62501332633036,432.3102051427424,435.91129314078336,439.44890435081675,442.95793872865397,446.46254176900976,449.9805070065323,453.52327601580333,457.10524875469446,460.7728756736885,464.5743227982678,468.5495861936294,472.7305022575494,477.1490201003253,481.8929516690688,487.06547711799925,492.7637944009592,499.0802450359909,506.1549075931149,514.239194072562,523.6003994246457,534.5074719549992,547.2981932319573,562.6002960999601,581.1682169043478,603.8359655362628
9,Netherlands,,2022-06-22,167.0,173.0678234823831,181.58886521315003,191.72826716386277,202.97801176674525,215.02304982530865,227.72183818667392,240.93726793935895,254.63166395933285,268.7905755126896,283.37427850236026,298.37480907413374,313.8131763210206,329.69630257264834,346.018411402283,362.774021730814,379.98382473144153,397.6610006826115,415.8144250377172,434.44891615701397,453.5652353076185,473.1668835172944,493.2757285579586,513.8790089208152,534.9650424666253,556.5284966379005,578.5703884589022,601.0980845356423,624.1086044016482,647.515766681297,671.2665774067881,695.236233246545,719.209431668809,742.8803709416388,765.8527501329106,787.6701478156274,808.2241522664899,827.5630642450552,845.6590394746938,862.4202375871251,877.8358536283228,892.0434408353835,905.1205844633638,917.116721224628,928.0642796576471,938.0528419582902,947.1764968965067,955.5086852983885,963.1035612970809,969.9960889267705,976.2372417292206,981.9027431975711,987.0504842545638,991.7281847746727,995.9733935841052,999.8134884608013,1003.2713527227642,1006.3926268268738,1009.2158595847882,1011.7724325505744,1014.0879030449244,1016.1820041551557,1018.0686447352113,1019.7573538488691,1021.272621728974,1022.6376833856549,1023.8698981746365,1024.9832501480112,1025.988348054237,1026.8924253381401,1027.6993401409127,1028.4170351747132,1029.060804946469,1029.6396671801317,1030.1609294742436,1030.6302111449486,1031.0514432259902,1031.4268684687127,1031.75964632618,1032.0573461391384,1032.3239109003762,1032.5625763530456,1032.7760154490709,1032.9663383491472
10,Germany,,2022-06-08,113.0,143.4724025287609,170.97352884014188,197.4903557998752,224.2415411281568,251.87312275641642,280.8332649404013,311.3237041384892,343.50772778550254,377.46544461943654,413.1979988599357,450.7301186574222,490.06240572501457,531.1218826476944,573.8481452433928,618.203431592425,664.1499042161678,711.581325670684,760.3929130959552,810.4967066237263,861.8213595078436,914.3103273736058,967.8634623846633,1022.3662854503411,1077.7209159411739,1133.8356058735187,1190.624739909555,1248.0088353572855,1305.909577653164,1364.219654979002,1422.855986923814,1481.7399236084561,1540.790315981685,1599.9235158201577,1659.0533757284331,1718.09124913897,1776.928406605289,1835.4948593686731,1893.769763905141,1951.7131404314603,2009.265278736503,2066.346738181245,2122.858347698768,2178.6812057942566,2233.6821560832473,2287.873184634452,2341.2712006458532,2393.831856185005,2445.4900644741965,2496.1600181829945,2545.785090697574,2594.3562983271513,2641.8430071131306,2688.2076733874437,2733.405843772546,2777.388131731463,2820.1419993582485,2861.6744409540624,2901.9797718903337,2941.039256705733,2978.8211091061717,3015.280890693533,3050.4164831870016,3084.268901018553,3116.857173610308,3148.186841088983,3178.2499542858864,3207.0267197228213,3234.5369071910527,3260.8279057376526,3285.931792688899,3309.868287097085,3332.64474974052,3354.2597974423325,3374.7527508991857,3394.1788118784734,3412.579148134064,3429.982345568463,3446.4044082328132,3461.854802246353,3476.388614797074,3490.05197767905,3502.8798298149345,3514.9018624956043
11,Mexico,,2022-08-10,147.0,168.59448456804242,185.15344059606787,198.99225811698622,211.47150265872133,223.39836703403,235.2466311481329,247.3444099529613,259.8372376720054,272.8874887393175,286.57947203607586,300.95899190339713,316.1023185372928,332.08178929637745,348.9247874486542,366.671621212915,385.3785746546267,405.1186051158242,425.9556267741518,447.9004274243132,470.97610718534577,495.22796066161675,520.7234769428228,547.5523396039903,575.8045259595757,605.4423245311978,636.4063460640386,668.6873154964738,702.3263484356072,737.4149511572713,774.0081294037841,811.8801278716751,850.8103359092048,890.6724753921368,931.4345983469451,973.156310787143,1015.6593419864649,1058.5887596609023,1101.7322699912565,1144.9407997886324,1188.1284964944389,1231.2251285495763,1273.9918221883775,1316.370545323406,1358.3079433932648,1399.7207389023415,1440.4957314208082,1480.4893401379186,1519.5897607313407,1557.9078558136437,1595.5449357645111,1632.5282963701566,1668.8112188233254,1704.2729697232935,1738.7188010758678,1772.1166123163234,1804.7147196903632,1836.615163005184,1867.8510466750581,1898.3865900484043,1928.1171274077903,1956.9172628916117,1984.944092810339,2012.2957181942677,2039.0099258872322,2065.088925287383,2090.4993483471867,2115.181648037218,2139.1901711842256,2162.5952672033427,2185.432805408227,2207.719139332361,2229.451106729051,2250.6060295714283,2271.157735600743,2291.15844465054,2310.660763649552,2329.6979650603366,2348.2858598591006,2366.4227975357003,2384.089666093641,2401.2499921065137,2417.9345218195763,2434.2000872872636
12,Paraguay,,2023-02-22,104.0,105.13354733348024,106.01032357995662,106.74655237285853,107.41118940961906,108.03873400824558,108.65255931560174,109.25985506630819,109.86716021201447,110.4759317837083,111.08401489818014,111.69071459033913,112.29474820531479,112.89306414730945,113.4834192003799,114.06407744288018,114.6331573737346,115.18815744778016,115.72989791742891,116.25864714052301,116.77374471453624,117.27360147657396,117.75569950337322,118.21847650156651,118.66518964605474,119.09771977878066,119.51688876515085,119.92251534158959,120.31341511553876,120.68864740101841,121.0511449059405,121.40255182487027,121.74383531987351,122.07541836633308,122.3971797529489,122.70940740522025,123.01404335291538,123.31243501629456,123.60559140607037,123.89418965679346,124.1785750268524,124.45899868813211,124.7370319281974,125.01448207115945,125.29276061731795,125.57288982373703,125.85550270424525,126.14084302943564,126.42988890633781,126.72551127879039,127.02997748582315,127.34505100005434,127.67199243239115,128.01169481849308,128.36712846147176,128.7429001474077,129.14296497633902,129.57055137227155,130.0281610801441,130.51928251605017,131.05339791667134,131.6403964733371,132.28875900896057,133.00555797803872,133.79842659400867,134.6874906021709,135.6969012995219,136.84920784719267,138.16537263598156,139.67236640840474,141.42401340119773,143.48081798103695,145.90483380713133,148.76189111902283,152.1629224206132,156.26656627094215,161.24768708592174,167.29682039317208,174.6832839977063,183.83849340132937,195.2747238180578,209.57373408347675,227.5548313573016,250.40058088189147
13,Panama,,2023-01-25,110.0,110.44547187407376,110.81072848413709,111.15282252096046,111.5027875784645,111.88049975456299,112.29703175771152,112.76095101163459,113.27910352479695,113.85516894033042,114.4940529290814,115.19985869043552,115.9745585938138,116.82074268027834,117.74130400473805,118.73709942283992,119.80844839218206,120.95622580476886,122.18143860329091,123.48223978761676,124.85611478105494,126.30153913095994,127.81798657635294,129.40498948655306,131.05640092246023,132.76563996883658,134.52803769022864,136.34083713096737,138.2031933151682,140.11403219497376,142.06353840548772,144.04392999533945,146.0493890542072,148.07570402803182,150.1202697190167,152.18002168692976,154.24670047124383,156.3147919738152,158.3794823098064,160.43644186929043,162.4818253172509,164.511403687321,166.52045893805862,168.50619564016117,170.46552786443587,172.3949994550735,174.29078402964865,176.1490032855433,177.9683550899209,179.74761477567966,181.4849043577162,183.17784887516146,184.8262259164775,186.44971725220864,188.10065336202186,189.96503568248406,192.46182501544322,196.42151098901883,203.13623035530472,213.84225171095073,229.02939781699706,247.94263229624625,269.3449270191336,292.0522928646977,315.19657848773164,338.29530574755313,360.99072035242284,382.99242926729823,404.236310700439,424.6469443785376,444.16295521273645,462.7985402189725,480.56985390646383,497.4716265754133,513.4968238060293,528.6929033555753,543.1042628445076,556.7611241597169,569.6797041920553,581.8653013871923,593.3608558542581,604.2069310780892,614.4323567859373,624.0622568780344
14,Peru,,2022-07-20,143.0,148.83016563019865,154.58506349944847,160.60880555907175,167.12253321376247,174.31353052366651,182.29881939512276,191.2208727421762,201.21079573741326,212.38771600626075,224.89990008626444,238.92788640543165,254.63453297180376,272.15619472492574,291.6705057533118,313.39919434019026,337.6074397270198,364.47089928181833,393.9959336785773,426.23076107121176,461.28449305909123,499.2605452766241,539.7359132099292,582.1472335999657,626.151447175435,671.626136213122,718.1650805650676,765.2761361527266,812.6916298351106,860.1366724088357,907.2925210080588,954.0017818094869,1000.3805014820138,1046.4272001113236,1092.0067412816031,1136.8503320755399,1180.679659767471,1223.7736370463826,1266.2655223960428,1308.1819153873516,1349.476902725538,1390.033852467597,1429.868796493413,1469.1193465304902,1507.8477977345033,1546.0820600070929,1583.8156579958647,1621.0093462428588,1657.6927959216018,1693.9637956055112,1729.8872495734645,1765.5040407632866,1800.83103077175,1835.861059854574,1870.5631455673,1904.9410956652694,1939.102018214344,1973.1363813081266,2007.1006225588817,2041.0171490975367,2074.874337573681,2108.626534155566,2142.1951431012367,2175.6276925321704,2209.078343943908,2242.6214192116836,2276.2835069108587,2310.043462316918,2343.832407405472,2377.594103911763,2411.4546228365666,2445.479503835286,2479.698720250335,2514.112215937763,2548.689905267247,2583.377180630627,2618.2073142892973,2653.250461791205,2688.544982373105,2724.1057983247,2759.9243949886395,2795.96882076052,2832.183912232612,2868.596834710944
15,Colombia,,2022-08-17,164.0,165.62167274811557,169.80102044524395,176.07876270184354,184.40697470118403,195.02827942844095,208.32682033531506,224.84422208497176,245.2011695285235,270.0373028028653,299.65887675778697,333.8366939986927,371.82619863348134,412.76859526492285,455.9691279820929,500.82597396419993,546.8441429617977,593.8536099166498,641.6611084238689,689.9494221296418,738.5571367348981,787.5387459160136,836.8589547233538,886.4360791382277,936.2098269419783,986.2338656245217,1036.5407871601362,1087.1320326164405,1137.9778921543943,1189.0545754137813,1240.426169208308,1292.1291860088315,1344.1844532421583,1396.5985147533797,1449.3636308058742,1502.484446628923,1556.0010082036313,1609.9224907170997,1664.2561768869343,1719.0082477594829,1774.183782709834,1829.7940430621943,1885.8490154055078,1942.3111469965866,1999.153665725142,2056.365454830409,2113.951052901144,2171.9306538756273,2230.330563136921,2289.0816354600215,2348.077708649987,2407.25067199007,2466.571363289922,2526.049568885597,2585.734023639549,2645.6276729332963,2705.55104249202,2765.382091113389,2825.045282385136,2884.5105789700574,2943.7934426060124,3002.9078959491194,3061.688359500407,3120.0064163956395,3177.772658582189,3234.9305793641315,3291.4565734022426,3347.345367042452,3402.4787425887266,3456.7359996376526,3510.027755794238,3562.287069917164,3613.4694421187833,3663.5528137651236,3712.5100761814306,3760.2291209534565,3806.655055266773,3851.744721930923,3895.4596755684556,3937.766182614927,3978.6352213189007,4018.042481741946,4055.968389881036,4092.3990521534993
16,Argentina,,2022-08-24,133.0,140.5923156502057,146.91851590388367,152.5298878106517,157.77076179531645,162.84787142706688,167.8720685116359,172.93597474453176,178.07054352147665,183.30681778648034,188.67634121307145,194.18195405015675,199.8295281440167,205.63252232265586,211.60292991412862,217.7392389519856,224.04315619695794,230.51984703464316,237.17793504728832,244.02765556190286,251.06963157941973,258.3044242723836,265.73522090276623,273.3674934064302,281.2089983931287,289.2696162258245,297.5541183066464,306.0598587563054,314.7868698013444,323.7386496014037,332.9221622492211,342.3478377706315,352.02826516931066,361.9597496538281,372.12877300396565,382.52832437846655,393.15833706200885,404.02568846520563,415.12640554331045,426.40699181698653,437.8269989405451,449.28677793738274,460.62115457493746,471.59942936468894,481.97314957791616,491.7006587069902,500.7649295076914,509.1296688994888,516.7731413426036,523.7578068630962,530.1352199993738,535.9409910096073,541.2131814465046,546.0165123153964,550.4058879893596,554.4252673146358,558.108153442262,561.498969253859,564.6360995108804,567.5495404561946,570.2696270973005,572.8270332063278,575.2526797649443,577.5699888281162,579.792338588604,581.9359209050195,584.0206094219989,586.0699595702021,588.1053204436965,590.1352044077098,592.1722964591713,594.2328170414914,596.3364337845442,598.5049060863315,600.7524756219306,603.0957173881036,605.5546409186948,608.1519810784487,610.9131980630095,613.8660283468404,617.0372170086571,620.4575161899066,624.1611328927622,628.1851855645249
17,Belgium,,2022-06-28,117.0,127.61156319922935,136.14291953060226,143.51304612714856,150.30908413831085,156.87240498994635,163.39052204436265,170.01956749396862,176.81542750829334,183.84027640187335,191.14975680749248,198.75764688935712,206.687133476377,214.97427921940258,223.64578835116947,232.70898988194443,242.17745338761594,252.07212823437766,262.42141596955736,273.26091381934117,284.5592608279901,296.26409855975265,308.33363651580436,320.7366521342476,333.44112708114056,346.30164042283434,359.1692836813516,371.9432265376303,384.5637480341491,397.01223657492693,409.2424260505712,421.2110803873428,432.97187397793,444.54148511168967,455.8980434617452,466.9811300849866,477.7661684829844,488.3566591071874,498.78858659733334,509.07943213958094,519.2298062679354,529.2285611767409,539.1108510916869,548.9147229588696,558.66571914746,568.3819933095162,578.0743103799836,587.7468599307907,597.4214366669855,607.1401313479421,616.9379972241302,626.8415957124844,636.8689963964036,647.0297770257512,657.3251292008586,667.7791657428235,678.4571804412275,689.4107031689936,700.6756018599061,712.2720825086112,724.2046891706166,736.4864076419974,749.2065468853307,762.4511291615182,776.2836494615043,790.7451995627918,805.8544680294423,821.6227688815098,838.1749828397104,855.6728856351731,874.2394936533898,893.9585857621274,914.8747033114272,937.0085341992877,960.5624843872181,985.8302082344521,1013.0425244545987,1042.3671540968755,1073.9087205461092,1107.7897221029698,1144.4665166051384,1184.3408277029043,1227.7676229527387,1275.067840243705
18,Australia,,2022-08-23,102.0,102.60645305280663,104.08989351677813,106.09327054873857,108.39296889244953,110.82265489617009,113.27498517418849,115.66280938471465,117.92796449764893,120.0510849722859,122.0124728605879,123.79253997040165,125.40107088037391,126.85108053266913,128.15005437474628,129.3030764428681,130.32578050692376,131.2334064704451,132.03749519186655,132.74611511649334,133.36732002489535,133.9141184959182,134.39974297715108,134.83812139233197,135.24387768635162,135.63381825903363,136.03053221119853,136.44374048035874,136.87669354057942,137.3276702393015,137.78511230394844,138.22913053215657,138.64748242718676,139.03731835571529,139.39719987102796,139.72374112945403,140.01834605760877,140.28119965809802,140.51390191169,140.720200946938,140.9028767990197,141.06389914684252,141.20490775917324,141.3286161159858,141.43724568647647,141.53260573447523,141.61611978861424,141.68893026853772,141.75253236628745,141.80813149818437,141.8567390377091,141.899228414337,141.93633511353806,141.9686627808757,141.99687656769794,142.0215172603294,142.04301036316565,142.06174363280508,142.07806707804892,142.09229295990127,142.10469579156901,142.1155164005131,142.12497462262934,142.1332321703475,142.14043166753083,142.14670322394073,142.15216443523673,142.15692038297652,142.1610636346159,142.1646743336138,142.1678254664774,142.17057692692904,142.17297892307002,142.1750759854724,142.17690696717912,142.1785050437038,142.1798977130308,142.1811067956154,142.18215548421094,142.18307144141025,142.1838714754101,142.18457019176807,142.1851801521359,142.18571187425917
19,United States,,2022-06-15,113.0,114.76050274061161,118.83705118949598,124.55359873660822,131.56111628448556,139.72888523595333,149.00786039788585,159.4627326869576,171.1510238323996,184.18417508930324,198.71477710458387,214.89191660679938,232.87429461161446,252.8696288199652,275.1007443172686,299.8100256903154,327.2601611807009,357.7483827611534,391.6681747236539,429.30203063508117,470.974837703575,517.0908674531985,568.133775723938,624.6666026717035,687.3317727683277,756.8519045609921,833.93588344503,919.0123687033034,1012.6714782979152,1115.7798470645623,1229.4806267125357,1355.1552731369284,1493.6408924142102,1645.3552626064886,1811.1351289985769,1992.2716529280515,2190.5104117852516,2407.516547717397,2643.1804793384895,2897.4384364034368,3170.8437472650967,3464.5653373949926,3779.6781324366825,4113.568943055859,4462.915633421731,4825.431589079166,5199.869230679589,5584.117869615588,5972.046810743609,6359.165638218171,6741.996039839921,7118.0187513387555,7483.61760359425,7836.8019859017695,8176.9299608750725,8502.718202701091,8812.241997139929,9103.138537327526,9375.924418140787,9632.262570466863,9872.961160278403,10098.150444717847,10307.282772097416,10500.096681383891,10678.612449554263,10844.084380805065,10997.36443037881,11138.938789656722,11268.948720814864,11388.207784882785,11497.949339041728,11599.050000874873,11692.183816559318,11777.822260866087,11856.235964914795,11927.968418787466,11993.831523967701,12054.399408133468,12110.148534596148,12161.457702300533,12208.608045824829,12251.80185413701,12291.490970542098,12328.04342721184
20,Israel,,2022-07-19,102.0,102.92974327436342,105.17705215466506,108.21257430927265,111.70259193681142,115.44622414893236,119.29818135143911,123.19376929938221,127.07401714813899,130.90164908226546,134.66979615689115,138.36573335794438,141.97362815015916,145.49585252042039,148.93577149132813,152.29256636181586,155.56161339950958,158.74234316621568,161.8413692502548,164.86338259317444,167.8110303095986,170.68491568722771,173.48369796290834,176.21526306875853,178.90642477244518,181.5836805089531,184.27085133722753,187.00048758236542,189.82538489379556,192.78102726590595,195.89041580149467,199.16507899891698,202.5893436015521,206.11432812843015,209.70260501213997,213.31968379985648,216.91082652138772,220.43324120256543,223.8431297412219,227.08407435522233,230.12732133053626,232.96228518437582,235.57888632860647,237.96755106974703,240.11921160896955,242.03080329366642,243.73381491004486,245.2553942472401,246.61332455823185,247.81756585106308,248.87360687727033,249.8030370757166,250.62269450509166,251.34522305496887,251.9805950300666,252.53669259100616,253.02383443667352,253.45105519601825,253.82586524751093,254.1546006369151,254.4424230772871,254.69343188996146,254.9127024674693,255.10450223357256,255.2722287325373,255.4188904649653,255.5471068877941,255.65910841429692,255.7567366784131,255.84189888602484,255.91635507837563,255.9813972969279,256.0381893378237,256.0877667518852,256.13103684461424,256.1687786761925,256.20164306148155,256.23026281874473,256.2552715818971,256.2771204323959,256.2962078373226,256.31288088477544,256.32743528386993,256.3401153647387
21,France,,2022-06-14,125.0,140.6273907236901,152.6680321937908,162.83689694959014,172.11861950155637,181.10917222570356,190.1596547361395,199.51082815380775,209.28569293502608,219.6163555509892,230.57545176818223,242.22253890417304,254.64117720708165,267.9036285715237,282.0659267879676,297.19904332861455,313.387757273364,330.727318266855,349.30275213344004,369.216364299445,390.5807257246892,413.51568977916526,438.1479066443427,464.6122080055625,493.0814917089201,523.7398220517332,556.7742791680255,592.3749590285265,630.7354604198871,672.1116384594644,716.7581550816502,764.9124081863081,816.8340671894169,872.8050730230714,932.9721293461414,997.3548464625376,1065.6789653426215,1137.119629875735,1210.3012343980326,1283.677466158748,1356.7054448105864,1428.8958776993138,1499.6785390192547,1568.8007000384014,1636.3118688747913,1702.1749987535684,1766.31349752741,1828.84111952283,1889.9245044096863,1949.6700760510394,2008.1252897474978,2065.3673914149276,2121.5900252836555,2176.943073383436,2231.55341152442,2285.524971737623,2338.9387947818545,2391.9069478333286,2444.5853350989664,2497.1051938811975,2549.5896465330493,2602.1537004581455,2654.9042481107085,2707.9400669955567,2761.3544774020306,2815.2908164521286,2869.924118186049,2925.4106308277774,2981.886701997511,3039.468778711656,3098.253407382831,3158.329572942632,3219.913448618202,3283.2662986885853,3348.606654529565,3416.1117342964344,3485.9174429239984,3558.132501421827,3633.0440094728765,3711.0382453761404,3792.4452757678464,3877.5389083808245,3966.536692044508,4059.636641036032
22,Canada,,2022-06-08,112.0,127.85131908876345,140.86834941718402,152.0774918803236,162.13934278080515,171.41501036093499,180.10463694476974,188.3635144676212,196.2647437941078,203.8898367659228,211.31402295953566,218.58840025907878,225.76940150062302,232.92001173948555,240.10523998804433,247.37301731376306,254.7718871944027,262.3590411951947,270.20031995465956,278.3704574147595,286.95522350230186,295.98802253838744,305.5006844247224,315.5499507536038,326.21747480791953,337.60982156114824,349.8473757938088,362.9370254433393,376.8749873000816,391.6986322422754,407.47725771528883,424.2750268368432,442.0333054344721,460.69126999057926,480.2164145546276,500.60231039008875,521.7680579582016,543.5277820095159,565.7242272753726,588.2365461527402,610.9703839665428,633.725166261827,656.2832739232938,678.4668024122116,700.1275761981896,721.1368078076799,741.3082698093402,760.572665396063,778.8796318793926,796.1630791169986,812.3411895126759,827.3165828811503,841.0735907990409,853.7120463174228,865.291996357813,875.8456186826985,885.3772218955366,893.9184101934823,901.5832823040606,908.4573046541119,914.6027809516684,920.0588698232925,924.8692457292781,929.1222404785631,932.8852401013305,936.2113861557337,939.1397933908245,941.6997321279855,943.941769842218,945.9089963124104,947.6357438343867,949.1501386486145,950.4741009402042,951.6266014090382,952.6333147995616,953.5130447228956,954.2818424025406,954.9535771545671,955.539936387616,956.0504966396406,956.495442317501,956.8836639576906,957.2223032164144,957.5176816376401
23,Ghana,,2022-09-30,104.0,104.00997992246047,104.0241909203726,104.04171064259424,104.0621117855375,104.08521849991028,104.111158858855,104.14002980842696,104.17208090136253,104.20765137605618,104.2470586517182,104.29064524479656,104.33887093090566,104.3922060903067,104.45115963826531,104.51628041089043,104.58822374600113,104.66763753917081,104.75500724989797,104.8509638563963,104.9562934391785,105.0719127231609,105.19808653252747,105.33484193252754,105.48108324832687,105.63413437947489,105.78973879990464,105.94241946562248,106.08929868686499,106.22893095416896,106.35975610437384,106.48040703115626,106.59105676177505,106.69213496379567,106.78382784190283,106.86628539125078,106.94034494950105,107.0068293782119,107.06634128350031,107.11927346422121,107.16619567144244,107.20787082810251,107.2448975583546,107.27775038124902,107.30677971073321,107.33231127752539,107.35483157153553,107.37471474660065,107.39227523084203,107.40777086420402,107.42140289845403,107.43333926959626,107.44382465203881,107.45304601907365,107.4611591823384,107.46829789938425,107.47457387367592,107.48007675459169,107.48488201698939,107.48909424779904,107.49279106390594,107.49603664580329,107.4988868428878,107.50138917345978,107.50358282472311,107.50549865278518,107.50716748120509,107.5086295506194,107.50991169151933,107.51103698755304,107.51202514586748,107.51289249710837,107.51365199542019,107.51431321844626,107.51488705731491,107.5153894279393,107.51582990067796,107.516216587589,107.51655626186093,107.51685435781265,107.51711497089345,107.51734095034232,107.51753776096237,107.51771015045676
24,Denmark,,2022-08-02,101.0,104.35305028819873,107.49594905087854,110.62444415304893,113.85157586529348,117.25355107288217,120.85532031342572,124.67072115001761,128.64541918705012,132.68317587952757,136.7030787463604,140.61762535092518,144.36871758189642,147.91239673031788,151.22661892316003,154.3097474438994,157.1580575077094,159.76984869031702,162.16132042990574,164.34776608273802,166.34006206379752,168.14790063143798,169.78919991048164,171.2799544908522,172.6330932923979,173.85855817942104,174.96692682347964,175.9711030021706,176.881273763959,177.70639279867305,178.45418050741887,179.13179036544238,179.74653864284943,180.30445724489522,180.81109473798796,181.2715389597353,181.69042423479695,182.07172856704128,182.41893826418965,182.73535088899158,183.02408135269923,183.2879998039823,183.52936081363444,183.7501551455361,183.95231297611008,184.1377024989892,184.30809881957492,184.46483811185024,184.60903307989045,184.74179545344853,184.86423100330785,184.97743794692335,185.0823017337712,185.17942388260056,185.26942270512805,185.35293630592133,185.430622582399,185.50312921646633,185.5708401237847,185.63406173761277,185.6931379850276,185.74844399125493,185.80038607966915,185.84935921184555,185.89552908768542,185.93903833635096,185.9800704175319,186.01884573344196,186.05562162881918,186.0906785040334,186.1241209227757,186.15597555935707,186.18631725760062,186.21526333094766,186.24297356245768,186.2696502048083,186.2954591710189,186.32035349964656,186.34435784982702,186.36753392289006,186.38997590347253,186.41181045951825,186.43314380637474,186.4539564251812
25,Puerto Rico,,2022-08-31,114.0,115.84738004018519,118.25477608393503,121.13381132116291,124.35799515545494,127.82616034831916,131.43354648054904,135.10047884249465,138.75644872374312,142.3556381960965,145.86582404970173,149.25717065855807,152.5137182174756,155.6283249107452,158.5928384448851,161.40285846956525,164.06328585263867,166.57813204526664,168.949233716558,171.18032834104133,173.28085118717564,175.25877732650116,177.12010649969238,178.86902026138432,180.51249361880946,182.05923171010355,183.51640558319207,184.89000014670611,186.18481416998213,187.4049042767761,188.55686072257734,189.6460415104442,190.6770745161704,191.6542809191899,192.5816752025771,193.46296515304678,194.30190879562218,195.1033935117706,195.86887096525714,196.59973871134738,197.29803171200098,197.96642233587173,198.60822035830756,199.2273729613505,199.82846368308648,200.41245125494353,200.9779482940927,201.52652215419255,202.0602396385089,202.58162955439823,203.0921656023712,203.59279106873436,204.0848607441092,204.56988048696167,205.0494856905178,205.52498311727737,205.99739056435686,206.46786429241993,206.9377118726616,207.40839218680836,207.88151542711805,208.35846376115202,208.84012192661118,209.32841190118208,209.82524714713523,210.33246792455046,210.85184129131693,211.38506110313327,211.9337480135074,212.4994980435266,213.0853217555896,213.69505542265318,214.3320551101909,214.9992868951523,215.6994162091939,216.43688832283564,217.21778636647878,218.04791207785283,218.93274297991664,219.87769765740168,220.89149613529983,221.98486489443647,223.16845500111165,224.45287061919538
26,Costa Rica,,2023-01-18,126.0,126.0064098295356,126.01306307138252,126.02107806255928,126.03142849665102,126.04509607217572,126.06334479339954,126.08772245386108,126.12035470920043,126.16404164718148,126.22243738670824,126.30055074004943,126.40496984131832,126.54430610621678,126.73021924077806,126.97818104792222,127.30825386812108,127.74651591172696,128.32818441956047,129.09964333750509,130.11443586858562,131.44126662523595,133.16982312879708,135.3839444475765,138.11846498359813,141.33081790578453,144.90396560982242,148.69256285062707,152.57276347225417,156.44636587207773,160.23692342241387,163.89601767636026,167.3762905476574,170.64757462341927,173.70643679007898,176.54793038489396,179.16572540695228,181.56613458351666,183.7642474181964,185.7706952953391,187.59125420252977,189.23497586312578,190.72048988342522,192.06270140705445,193.2730223327549,194.3593713143828,195.3309497088609,196.20181945722697,196.98287428545393,197.68310411741308,198.309595765519,198.8680378389999,199.36675697750775,199.81289209184217,200.21236904397338,200.57029925639802,200.8909797121391,201.17851178418465,201.4372600451083,201.67056993202195,201.88157432943382,202.07321167486123,202.24822978833282,202.40923195077252,202.55789181313594,202.69574173918164,202.82454165018717,202.94627902494923,203.0631620965941,203.17669231484552,203.287578503862,203.3969921638622,203.5064876952697,203.61800239871292,203.73380011001456,203.855332560592,203.9850176867048,204.12596129929912,204.2814578859885,204.45508513431372,204.6526591136319,204.88244896450436,205.15355621360274,205.47693498118934
27,South Korea,,2023-06-05,102.0,102.11357422737986,102.22931480929442,102.36204809296999,102.52370462984672,102.72459139155286,102.97671588796446,103.2932180691447,103.68785717255605,104.17798549205271,104.77680589541305,105.48466852138817,106.28677115105363,107.15300355630491,108.0543226404442,108.97252359998107,109.88974585610657,110.78793176808934,111.65447572028175,112.48924953136128,113.29039223908892,114.05383858154046,114.77577563333607,115.4595222236383,116.10736168666273,116.7203512911612,117.29860040125854,117.84440087350583,118.36089915287556,118.8504352653217,119.314731114515,119.75490753023499,120.17294792799366,120.57121389247803,120.9514766865601,121.3153607134074,121.66434351648292,121.9997557795452,122.32319645052232,122.63599625499465,122.93897036656246,123.23310660432153,123.51956643096048,123.79968495276069,124.07497091959634,124.34699122977163,124.61619838745835,124.88262704172347,125.1467600175726,125.40953880039221,125.67236353594959,125.93709303039282,126.20595030679826,126.47913503207485,126.7565284534092,127.03896449445729,127.32782732158987,127.62505134389247,127.93299401218566,128.252546483463,128.5851580472056,128.93287793980974,129.29793438973184,129.68273461748845,130.08980578747722,130.52191313743975,130.98337153115773,131.47857078432332,132.01170259782452,132.586758820359,133.20862466807898,133.8863420147507,134.62943586584404,135.44679393618785,136.34666664996996,137.33776152339095,138.43819708861,139.67020543139418,141.05460873288484,142.6107742089627,144.35864974849164,146.33756777132461,148.5902654802508,151.16164053996067
28,Portugal,,2022-06-01,119.0,126.3098410103823,133.53939116629797,141.05928352347038,149.02117654006904,157.4921795763639,166.42540089230297,175.78083223054233,185.48655547487303,195.45381583594954,205.6080488641876,215.87431471957737,226.17511681975145,236.48981267497513,246.78418523966607,257.00542114250334,267.0821106864274,276.95100074546303,286.6412136381244,296.1729054410442,305.54399181793065,314.73112923451026,323.689831167281,332.4143711399456,340.9522471239044,349.3243809379252,357.5383675061156,365.58847485792285,373.4590465724513,381.1740521303903,388.76883857209015,396.26615768522254,403.679394459845,411.01256708840117,418.26122628386304,425.4444779909161,432.6043234127385,439.7727763278462,446.97182047659805,454.21340956119576,461.49946724568383,468.83221686676364,476.263931087618,483.84546311211074,491.6139026237508,499.5936722648087,507.7965276363163,516.2337174827354,524.9795992254705,534.1188730199185,543.7172755258285,553.8216522809928,564.4599577012463,575.6673603167304,587.5991074642376,600.4253979472322,614.2808712825891,629.2645874688446,645.441484432037,662.9889605153201,682.2790000270337,703.6489404477996,727.3841971079122,753.7182733956605,783.0075695386788,816.0176108806235,853.5293780978202,896.2814895469662,944.9736751450561,1000.6827331503099,1065.2484052937696,1140.615019717471,1228.7549981671473,1331.753529745145,1453.2009682647965,1598.1279922918052,1771.9299257552948,1980.3332034602684,2230.626851607586,2535.307839999637,2909.374778314227,3369.447811614824,3935.2805763584856,4638.188316037126
29,Chile,,2022-08-10,141.0,156.52957304459827,168.36471134387997,178.10190804771634,186.74817526305532,194.8374886338408,202.75530292725097,210.67116621131055,218.73681481338437,227.03443434439077,235.5967899292907,244.47747984193123,253.7105739705484,263.30165933031617,273.2680753989451,283.6390108765132,294.4383973862965,305.6694744341663,317.3410129743178,329.46847058318934,342.0739914594631,355.1848693093448,368.8082410362686,382.9476157310535,397.6129561102368,412.8179004582442,428.5473893459388,444.6721257284815,461.4404263561508,479.6837346345419,500.81855448833653,526.3095993307802,555.8389119530403,587.8254436116011,620.4874482170356,652.556530961862,683.1559329899491,711.9988339553452,738.809982393785,763.2568173783701,785.4219901772015,805.4782743377572,823.5198403579557,839.6108995053667,853.9391987673574,866.7034685880827,878.0539326747443,888.0939615144811,896.9294416116832,904.72512369088,911.6081496119722,917.6828670652876,923.0309778076954,927.7157381444458,931.8247253597746,935.4339637854955,938.6054312654563,941.3920194893906,943.8375339929172,945.9766941575406,947.8453316616965,949.4829297463626,950.9177980728523,952.175038961617,953.276572010596,954.2411340952168,955.0842793683948,955.8191007480482,956.4616859714388,957.0241728419438,957.5165587455109,957.947647992004,958.3250518152026,958.6551883728021,958.9432827464137,959.1935547389932,959.4118341752454,959.6028061843197,959.770075868871,959.9167324811857,960.045349423181,960.1579842464051,960.256178652037,960.3410607493015
30,Brazil,,2022-07-06,205.0,214.70227656018784,225.21698386245004,236.64658151483997,249.06984436085733,262.58151007895754,277.3031058081747,293.38282310646713,310.95776337525456,330.1625151728623,351.1672966445707,374.16331616803086,399.36277235326463,426.99885404266445,457.3445274341671,490.7068932432965,527.3693058047023,567.6555372893558,611.9324194259366,660.6098435008333,714.1407603581431,773.0211803996716,837.7901735849334,909.0298694311514,987.3654558843339,1073.0055697302578,1165.6100199484079,1264.827676676244,1369.9356701374074,1479.715847793497,1593.1285132551964,1709.1766669609178,1827.2922179046616,1947.2520543941127,2068.545831147345,2190.4371389528487,2312.9677122841354,2436.389935020269,2560.7263899276904,2685.8555616206568,2811.7144733659943,2938.6098643985706,3066.7729354946428,3196.3465458954142,3327.385450412627,3459.900985808977,3594.181553292127,3730.5834224555283,3869.382920292432,4010.7787678430313,4154.892080194464,4301.76632918663,4451.488645638386,4604.578442944933,4761.558882819797,4922.8115624031625,5088.576514261876,5258.952206389446,5433.895542206041,5613.359744634268,5798.119812409231,5988.88197828477,6186.100586052757,6390.015339230377,6600.651301060136,6817.935925119655,7042.594569137368,7275.289141656244,7516.480830531577,7766.495274148174,8025.522561420359,8293.67336443425,8571.540113369665,8859.6732734517,9158.50584971571,9468.415448795551,9789.724278923577,10122.699149930644,10467.580746600976,10824.871156356896,11194.866998692614,11577.810953908973,11973.980262291338,12383.6867241096
31,Nigeria,,2022-07-08,101.0,101.3810337964211,101.81158320891113,102.30546837533149,102.87213347888097,103.52359798087394,104.2693782844302,105.11649878590217,106.07443200052019,107.15474956319999,108.36344776096907,109.70422974704978,111.18447831912464,112.8153328160886,114.60679862823507,116.55577583699026,118.66039312155493,120.92394670198271,123.3549003391802,125.96218041136379,128.7361555826409,131.66798776862436,134.75401911761594,137.9955287041768,141.39766268046006,144.9514646529133,148.64254993427636,152.46133601185747,156.40199234375908,160.46244035887767,164.64006490119564,168.91898177687415,173.28567560143864,177.72950854504137,182.24250683692142,186.81936076540478,191.45610480076644,196.1390742580398,200.85602473527814,205.5970889049206,210.3536865924794,215.11852477653974,219.88559758875996,224.65001896613933,229.3960083950953,234.11771828697337,238.81690644581704,243.49282302932664,248.14221054885925,252.75930386942878,257.33583020970593,261.86100914201813,266.32155259234975,270.7080685355879,275.03746070677715,279.316217371915,283.543941798539,287.7147492324312,291.81732124102354,295.8500216116375,299.82157714303406,303.7342982214711,307.58816377475296,311.3808212722304,315.1081069639202,318.772373293139,322.38075295576186,325.93800169674387,329.44629456666803,332.9052259217451,336.31180942381405,339.6618238840025,342.9628605562332,346.224782194199,349.4536755782663,352.65232344878706,355.82020450609883,358.95349341052486,362.05142439231577,365.1270148945857,368.1873034225697,371.2366597575607,374.2770012760367,377.3077929496608
32,Spain,,2022-06-01,142.0,142.24790084393942,142.66804836815373,143.2323678968628,143.93274149575552,144.77968269748663,145.7902898145598,146.98965863148587,148.41198796192708,150.09553434124138,152.087422802293,154.44508269625564,157.23596624779168,160.5390176428347,164.44875753860745,169.07719835325295,174.5580350244022,181.04836578727935,188.7354477064427,197.83217726199618,208.60099147430626,221.35742378292503,236.47010404659017,254.36332286707324,275.55610935747916,300.61650839765457,330.23440567080286,365.24690246825065,406.63866129472774,455.55433559401104,513.1287144435765,580.6871727186768,659.8490378622487,752.1631055043761,858.3713035821614,977.6759336099271,1107.4012193502658,1243.4278986869044,1382.3028248570076,1521.2517434858364,1657.9218347303345,1790.7166586097114,1919.0055610939178,2042.104193420707,2159.2453201330454,2270.440305371742,2375.8741769522567,2475.5824321271884,2569.521321666449,2657.9725877780766,2741.317013403235,2819.826849844955,2893.6692838666395,2962.9517672798006,3028.021486685522,3089.2058345676705,3146.7660360788886,3200.9117469703433,3251.801053591726,3299.5690457352343,3344.4759361777096,3386.7260993909335,3426.492879276348,3463.9312567521674,3499.177849753377,3532.351298952253,3563.589677379217,3593.0238359357045,3620.7618437905544,3646.907306012784,3671.5593635715886,3694.81269333634,3716.7573548281484,3737.468828336107,3757.0129663398634,3775.4558135263233,3792.8637548743286,3809.3035156546584,3824.8414405178846,3839.5249052555246,3853.395926048213,3866.4995292833505,3878.880146995172,3890.581616864743
33,United Kingdom,,2022-05-27,106.0,115.49699606675345,125.71462292943394,136.67897366778905,148.45058248741267,161.07946041226398,174.60991961574055,189.12988873517298,204.73087978625563,221.50283366143603,239.53578100056384,258.9379470094998,279.8457149664215,302.398949504692,326.7387679682125,353.00754041142227,381.36405407383705,412.00968040113366,445.0327929153907,480.5270305320157,518.6093185922106,559.106964396958,601.2484163240684,644.4085938518182,687.9841918891838,731.5186929987066,774.6689753090346,817.2378734276767,859.2187994174836,900.5632249894716,941.196638254199,981.2252723975059,1020.7620652719825,1059.8809001895743,1098.629242687954,1137.1261396255734,1175.5233475236048,1213.9500879343502,1252.5141629349193,1291.3018958499445,1330.3955524197129,1369.9971164171372,1410.3243157112524,1451.559934034502,1493.8518109827376,1537.3128420152193,1582.02207393421,1628.208528942026,1676.2440036596438,1726.4220149283592,1778.9932948521964,1834.1665556306755,1892.25077583425,1953.7542287232832,2019.1655447468295,2088.9428122170034,2163.5134990624315,2243.4101556262244,2329.552341003459,2422.8850752713897,2524.2950344995625,2634.6105507498114,2754.756852932709,2886.4556400753077,3031.63638366015,3192.14934934754,3369.765986290674,3566.3991358884114,3785.390281460817,4030.601855630012,4305.90981794234,4615.211106362825,4962.955221864242,5356.153714623506,5802.741756736983,6311.004723255483,6889.582790909034,7548.994640182523,8304.618085636926,9173.613858280492,10174.331550238989,11326.393395159621,12656.238670953235,14196.055651084263
34,Italy,,2022-06-25,127.0,144.54765855894271,157.71412216498538,168.29518277125027,177.33213743538946,185.5024505617894,193.16814001879047,200.60150080226924,207.9250128775262,215.23127481910427,222.59324801520265,230.02554269887426,237.55131926595396,245.20187157145378,252.97928538451868,260.88301979223786,268.9205415516429,277.10663693194994,285.4470398240418,293.9392582208124,302.58594471641726,311.39215232127043,320.36533446204396,329.51325385140757,338.836936409832,348.3398902001755,358.0268336389601,367.90337707548184,377.976022791811,388.2509013061626,398.73182940829184,409.42317401841717,420.3300105816668,431.45812211251064,442.8139991947603,454.4072157001753,466.25122409918146,478.3347142733237,490.64884601325053,503.1913486264361,515.9665209371801,528.9852312866076,542.2648961389667,555.7825268318576,569.4704844949557,583.2360370412348,596.9292568011236,610.3430205225065,623.2397292915239,635.5049230105883,647.0748589888394,657.8789410303381,667.8861768467841,677.1452814838633,685.6913128038385,693.5436136299141,700.7372693114164,707.3353746436871,713.3888932651718,718.9362500278145,724.0059486783787,728.6439166147007,732.893800235248,736.7917358575536,740.3686916580408,743.650467672023,746.6608953803128,749.4304168229511,751.9780804797808,754.3215981940696,756.4786827325522,758.4670477854304,760.3044079663729,762.0084803373669,763.5937381301335,765.0650646393274,766.4273266288693,767.6875438531926,768.8548890572432,769.9406879764796,770.9584193368731,771.9194480394297,772.8188919681164,773.6610279703673
35,Democratic Republic of Congo,,2022-08-12,149.0,149.14654604212686,149.41476881716224,149.80777744342248,150.3466729618915,151.0666520586721,152.0126159341053,153.20204108266066,154.6105884968993,156.20089243904616,157.92293935420392,159.7029878567374,161.49510110415645,163.2730036878142,165.00406048110676,166.6495331816771,168.19426391398449,169.64593170464715,171.003254045179,172.26099404655406,173.4135068819308,174.46919652294133,175.43599502629408,176.3188175078728,177.119805269742,177.8421292805899,178.49485868229007,179.08353178234384,179.6146940338638,180.13069229995347,180.75265780965884,181.71716285283495,183.18948033999536,185.12366483125217,187.28939556510016,189.54579084719566,191.7774962970788,193.9138706446607,195.91544281869483,197.77311701672645,199.47519137944866,201.01389875622166,202.40359892122072,203.65582191168428,204.77757047817903,205.77556426492004,206.66456466227243,207.45679846110596,208.16176587754114,208.7862734663226,209.33774910269977,209.82591184051347,210.25828937954427,210.64122033452097,210.97985423512083,211.27818388767625,211.54094198956327,211.7728217376962,211.97750866174363,212.158222783467,212.317718616721,212.45828516745328,212.58175612440905,212.69027161935873,212.7858663079541,212.87010300524312,212.94435768148435,213.00981946214725,213.06749062791204,213.11818661466964,213.16253987488693,213.2013764165253,213.2355381695851,213.26563868075522,213.2922007631058,213.31565649608845,213.33634722553612,213.35452356366312,213.3703453890652,213.38411777246677,213.3962435535816,213.40691828758108,213.41631102249838,213.42456437360337
36,Poland,,2022-08-16,104.0,109.01509527182347,112.85754799149798,115.96532918628877,118.6300827770095,121.02234446227912,123.23913793203546,125.35838815619327,127.40852589931657,129.41670763832946,131.40446531271442,133.37413407377238,135.33088835898468,137.2833489040038,139.2325595711702,141.17673382249762,143.11639019182752,145.05401710185626,146.99182131491403,148.92759551345856,150.86040003385634,152.7900367110331,154.71701565154635,156.64254936229545,158.56678842439334,160.48821384834173,162.40599361253862,164.31975326732274,166.22957593497358,168.13600230971147,170.0404458447856,171.94395371625,173.8424987216231,175.7328146979597,177.61304435487327,179.48273927453573,181.34285991167758,183.1957755935878,185.04525317393455,186.88692048409354,188.709676703805,190.50325707566358,192.2529286528186,193.9394902989742,195.5392428347397,197.03438473169092,198.422378157882,199.70039714863273,200.8649329715782,201.92313005396457,202.88479345721393,203.756908109177,204.54471634481123,205.25730844974595,205.90390164524075,206.49196374874478,207.0273804301163,207.5156749170854,207.9637860764177,208.37617075283978,208.75722840265462,209.11144508687457,209.44339347122136,209.75747158159535,210.05598343365583,210.34087978999764,210.61465568660202,210.88030581366604,211.14124087050737,211.399403413625,211.65617973179218,211.91357692953815,212.17405088583334,212.4405041562243,212.71529754671704,213.00063164879742,213.29946068249288,213.6149785630057,213.95061890071304,214.3100573311664,214.69759971725838,215.11862235210762,215.57891723369676,216.08460276174995
37,Ireland,,2022-08-09,101.0,102.48759261774332,104.01405023453309,105.5814253352545,107.18965447722371,108.83868743444214,110.52931514637048,112.26316971792882,114.0427244194966,115.86957450086655,117.74206349911863,119.65934465390455,121.62153801825417,123.62972897149359,125.68596821924527,127.79310253938714,129.94788438357995,132.14469034452114,134.38021996696784,136.65351231118967,138.9659459529688,141.3210079140328,143.71236281470075,146.12330621669417,148.5406425988176,150.95462702839336,153.3589651612613,155.74238805370055,158.07772090520314,160.34364127075787,162.52585522498921,164.6170901872999,166.61008223464083,168.49157990514144,170.26855158380445,171.94390186212732,173.51490513275508,174.97320558948027,176.31854698786856,177.56796983124968,178.7292737438053,179.80749723921235,180.80495515135487,181.7239515035191,182.57351092516828,183.3602142259248,184.08926335671995,184.7646360392543,185.38909786500602,185.96682170202536,186.50281707906538,187.00072591095332,187.4638334358981,187.89506821549028,188.29700213470224,188.67193279856065,189.0228990177054,189.35165219967817,189.65960672308393,189.94835937975026,190.21968937472735,190.47555832628777,190.71811026592673,190.94893275981218,191.16808533930026,191.37610317578492,191.5738258921256,191.76239048027114,191.94323130125994,192.11776958938765,192.28600192334972,192.44807462421986,192.6044287731024,192.75575031910282,192.90297007932799,193.04718541084952,193.18856785943987,193.32705325125124,193.46286756682753,193.59645386830533,193.72847229941385,193.85980008547497,193.990791679929,194.12139104242334
