Country,Domain,0,1,2,3,4,5,6,7,8,9,10,11
Afghanistan,,0.1073688343167305,98.58275604248047,15.380999565124512,0.1550411731004715,0.05227018892765045,-0.11512009799480438,1.5573140382766724,4.931742191314697,3.7342288494110107,281.5766296386719,5.234312057495117,2.133633852005005
Albania,,0.10000000149011612,1.0514946779949241e-06,15.999946594238281,0.019999999552965164,0.010000011883676052,-0.19999997317790985,0.12897561490535736,4.999882221221924,5.0,299.9967346191406,0.10000000149011612,2.200000047683716
Algeria,,0.14605101943016052,94.6853256225586,14.405475616455078,0.20648398995399475,0.0847773477435112,0.06446607410907745,1.8786803483963013,4.736064434051514,3.3291096687316895,256.2245788574219,14.802450180053711,2.0032248497009277
American Samoa,,0.15172229707241058,98.68043518066406,15.456785202026367,0.2787638306617737,0.06699243187904358,-0.1014321893453598,1.7770251035690308,4.964616298675537,3.1843674182891846,285.64093017578125,8.508672714233398,2.069563150405884
Andorra,,0.10000000149011612,4.196037025346212e-18,16.0,0.019999999552965164,0.009999999776482582,-0.20000000298023224,0.0020515599753707647,5.000999927520752,5.0,300.0,0.10000000149011612,2.200000047683716
Angola,,0.10000000149011612,3.880856784286044e-21,16.0,0.019999999552965164,0.009999999776482582,-0.20000000298023224,0.001294835819862783,5.000999927520752,5.0,300.0,0.10000000149011612,2.200000047683716
Antigua and Barbuda,,0.10000000149011612,0.0,16.0,0.019999999552965164,0.009999999776482582,-0.20000000298023224,0.001000044634565711,5.000999927520752,5.0,300.0,0.10000000149011612,2.200000047683716
Argentina,,0.16233044862747192,86.92375183105469,13.53765869140625,0.1973985731601715,0.09483949095010757,0.26692068576812744,2.075989246368408,4.49010705947876,3.5032036304473877,240.6378631591797,17.377521514892578,1.9556145668029785
Armenia,,0.10000000149011612,4.273483753204346,15.921142578125,0.020062699913978577,0.010785670951008797,-0.19467423856258392,1.3635179996490479,4.927424430847168,4.997686862945557,296.4715270996094,0.10590839385986328,2.1999573707580566
Aruba,,0.10000000149011612,0.0,16.0,0.019999999552965164,0.009999999776482582,-0.20000000298023224,0.0010000199545174837,5.000999927520752,5.0,300.0,0.10000000149011612,2.200000047683716
Australia,,0.1974203884601593,87.07876586914062,13.805063247680664,0.234132319688797,0.10445696115493774,0.23378054797649384,2.0510447025299072,4.607161521911621,3.3557560443878174,243.01681518554688,18.24101448059082,1.9335544109344482
Austria,,0.2461456060409546,49.525020599365234,10.006819725036621,0.2344854325056076,0.11139609664678574,0.7757552266120911,2.3217008113861084,3.760194778442383,3.7771215438842773,199.36244201660156,20.421276092529297,1.8018670082092285
Azerbaijan,,0.1000000610947609,23.454383850097656,15.825900077819824,0.020793356001377106,0.013371134176850319,-0.18207921087741852,1.4966071844100952,4.894953727722168,4.981647968292236,292.5888366699219,0.15904618799686432,2.199472188949585
Bahamas,,0.10000000149011612,0.0,16.0,0.019999999552965164,0.009999999776482582,-0.20000000298023224,0.0010000331094488502,5.000999927520752,5.0,300.0,0.10000000149011612,2.200000047683716
Bahrain,,0.10000000149011612,0.00039911732892505825,15.999075889587402,0.019999999552965164,0.010000688955187798,-0.19999642670154572,0.3489394783973694,4.996162414550781,5.0,299.9591979980469,0.10000001639127731,2.200000047683716
Bangladesh,,0.3179173171520233,37.603240966796875,8.14078140258789,0.25104638934135437,0.11456324905157089,1.1010774374008179,2.4192590713500977,3.3126516342163086,3.725087881088257,186.0297088623047,25.877197265625,1.6313501596450806
Barbados,,0.10000000149011612,0.0,16.0,0.019999999552965164,0.009999999776482582,-0.20000000298023224,0.0010000987676903605,5.000999927520752,5.0,300.0,0.10000000149011612,2.200000047683716
Belarus,,0.3032210171222687,33.76064682006836,8.078390121459961,0.2533062994480133,0.1082247942686081,1.049347996711731,2.4129245281219482,3.430344581604004,3.8960859775543213,193.96585083007812,23.068801879882812,1.67928147315979
Belgium,,0.4177224636077881,27.646142959594727,6.928918361663818,0.27902162075042725,0.11652746051549911,1.2591944932937622,2.4682979583740234,3.265941619873047,3.735140800476074,184.58511352539062,29.35799217224121,1.5444540977478027
Belize,,0.10000000149011612,0.00014856088091619313,15.99960994720459,0.019999999552965164,0.010000213980674744,-0.19999897480010986,0.288147509098053,4.998520851135254,5.0,299.98101806640625,0.10000000149011612,2.200000047683716
Benin,,0.10000000149011612,3.803680783438082e-33,16.0,0.019999999552965164,0.009999999776482582,-0.20000000298023224,0.0010017668828368187,5.000999927520752,5.0,300.0,0.10000000149011612,2.200000047683716
Bermuda,,0.10000000149011612,0.0,16.0,0.019999999552965164,0.009999999776482582,-0.20000000298023224,0.0010000874754041433,5.000999927520752,5.0,300.0,0.10000000149011612,2.200000047683716
Bhutan,,0.10000000149011612,1.951277918859284e-34,16.0,0.019999999552965164,0.009999999776482582,-0.20000000298023224,0.0010010463884100318,5.000999927520752,5.0,300.0,0.10000000149011612,2.200000047683716
Bosnia and Herzegovina,,0.10000000149011612,0.041319381445646286,15.993058204650879,0.020000044256448746,0.010013733059167862,-0.19990773499011993,0.7112575173377991,4.985899448394775,4.999996185302734,299.7206726074219,0.10000520944595337,2.200000047683716
Botswana,,0.10000000149011612,3.2744355110075595e-36,16.0,0.019999999552965164,0.009999999776482582,-0.20000000298023224,0.001000469084829092,5.000999927520752,5.0,300.0,0.10000000149011612,2.200000047683716
Brazil,,0.45670193433761597,27.543285369873047,6.702555179595947,0.2887710928916931,0.1208488717675209,1.2530275583267212,2.5559258460998535,3.2591230869293213,3.6256611347198486,187.82327270507812,34.08514404296875,1.5033297538757324
British Virgin Islands,,0.10000000149011612,0.0,16.0,0.019999999552965164,0.009999999776482582,-0.20000000298023224,0.0010000184411183,5.000999927520752,5.0,300.0,0.10000000149011612,2.200000047683716
Bulgaria,,0.10000000149011612,0.0,16.0,0.019999999552965164,0.009999999776482582,-0.20000000298023224,0.0010000080801546574,5.000999927520752,5.0,300.0,0.10000000149011612,2.200000047683716
Burkina Faso,,0.10000000149011612,4.8850353550774096e-23,16.0,0.019999999552965164,0.009999999776482582,-0.20000000298023224,0.0011263894848525524,5.000999927520752,5.0,300.0,0.10000000149011612,2.200000047683716
Burundi,,0.10000000149011612,0.0,16.0,0.019999999552965164,0.009999999776482582,-0.20000000298023224,0.001000085729174316,5.000999927520752,5.0,300.0,0.10000000149011612,2.200000047683716
Cambodia,,0.10000000149011612,0.0,16.0,0.019999999552965164,0.009999999776482582,-0.20000000298023224,0.0010001059854403138,5.000999927520752,5.0,300.0,0.10000000149011612,2.200000047683716
Cameroon,,0.10000000149011612,3.5724656299862545e-06,15.999981880187988,0.019999999552965164,0.010000004433095455,-0.19999998807907104,0.14157624542713165,5.000720500946045,5.0,299.99853515625,0.10000000149011612,2.200000047683716
Canada,,0.4311336874961853,27.884323120117188,6.96102237701416,0.27948418259620667,0.11589840799570084,1.2859933376312256,2.468086004257202,3.2641398906707764,3.7204837799072266,184.77471923828125,29.41791534423828,1.5354558229446411
Cayman Islands,,0.10000000149011612,2.129562020336842e-36,16.0,0.019999999552965164,0.009999999776482582,-0.20000000298023224,0.0010004515061154962,5.000999927520752,5.0,300.0,0.10000000149011612,2.200000047683716
Central African Republic,,0.10000000149011612,1.3634511271745642e-12,16.0,0.019999999552965164,0.009999999776482582,-0.20000000298023224,0.011655095964670181,5.000990390777588,5.0,300.0,0.10000000149011612,2.200000047683716
Chad,,0.10000000149011612,2.0588872730625469e-25,16.0,0.019999999552965164,0.009999999776482582,-0.20000000298023224,0.001046441961079836,5.000999927520752,5.0,300.0,0.10000000149011612,2.200000047683716
Chile,,0.2533247768878937,47.80367660522461,9.44951057434082,0.22946268320083618,0.11133351176977158,0.880506694316864,2.3811559677124023,3.5531885623931885,3.7605552673339844,193.80471801757812,22.3973388671875,1.7576770782470703
China,,0.9039576649665833,14.459729194641113,5.255758762359619,0.3471217453479767,0.13094505667686462,1.8447315692901611,2.663663864135742,3.2025136947631836,3.4529993534088135,189.35755920410156,44.19944763183594,1.2991790771484375
Colombia,,0.17539800703525543,86.1566390991211,13.682234764099121,0.21314120292663574,0.09896594285964966,0.2367221862077713,2.071260929107666,4.575225353240967,3.5378005504608154,242.36447143554688,16.239410400390625,1.965013027191162
Comoros,,0.10000000149011612,0.0,16.0,0.019999999552965164,0.009999999776482582,-0.20000000298023224,0.0010001094778999686,5.000999927520752,5.0,300.0,0.10000000149011612,2.200000047683716
Congo,,0.10000000149011612,1.5992887628862715e-35,16.0,0.019999999552965164,0.009999999776482582,-0.20000000298023224,0.0010006341617554426,5.000999927520752,5.0,300.0,0.10000000149011612,2.200000047683716
Costa Rica,,0.10000000149011612,3.0979461218549886e-09,15.999998092651367,0.019999999552965164,0.009999999776482582,-0.20000000298023224,0.046485576778650284,5.000803470611572,5.0,299.9997863769531,0.10000000149011612,2.200000047683716
Croatia,,0.10000000149011612,2.3848299980163574,15.955074310302734,0.02001417800784111,0.010317973792552948,-0.1982230693101883,1.2489231824874878,4.953752517700195,4.999333381652832,298.047607421875,0.10134691745042801,2.1999926567077637
Cuba,,0.10000000149011612,3.427621841430664,15.933895111083984,0.020034469664096832,0.010555919259786606,-0.19664372503757477,1.3301074504852295,4.93841552734375,4.998591899871826,297.1903381347656,0.10327189415693283,2.199979066848755
Cyprus,,0.10000000149011612,2.537903753818682e-07,15.999979019165039,0.019999999552965164,0.01000000350177288,-0.19999998807907104,0.10085824131965637,5.000363349914551,5.0,299.9985046386719,0.10000000149011612,2.200000047683716
Czechia,,0.1959359347820282,80.86341857910156,13.204343795776367,0.21859431266784668,0.10755739361047745,0.34568148851394653,2.1378729343414307,4.442611217498779,3.489302396774292,231.34011840820312,18.59958839416504,1.922392725944519
Denmark,,0.12798544764518738,96.18438720703125,14.639152526855469,0.1976218968629837,0.0816589891910553,-0.0067468732595443726,1.8035441637039185,4.785149097442627,3.354128360748291,261.56939697265625,13.31617259979248,2.0377190113067627
Djibouti,,0.10000000149011612,2.9253184038680047e-05,15.999835968017578,0.019999999552965164,0.010000063106417656,-0.19999971985816956,0.21542727947235107,4.999503135681152,5.0,299.9910583496094,0.10000000149011612,2.200000047683716
Dominica,,0.10000000149011612,0.0,16.0,0.019999999552965164,0.009999999776482582,-0.20000000298023224,0.0010000523179769516,5.000999927520752,5.0,300.0,0.10000000149011612,2.200000047683716
Dominican Republic,,0.11488979309797287,99.70565795898438,15.741602897644043,0.2497081160545349,0.050803691148757935,-0.1637779027223587,1.4764151573181152,4.9890313148498535,3.221876621246338,291.649169921875,4.690608978271484,2.127575635910034
Ecuador,,0.30806052684783936,35.76315689086914,8.342050552368164,0.24961169064044952,0.10954630374908447,1.0863192081451416,2.364490509033203,3.4110171794891357,3.8560006618499756,188.84042358398438,22.569311141967773,1.6861449480056763
Egypt,,0.1654253751039505,95.20537567138672,14.471944808959961,0.22146031260490417,0.08368624746799469,0.07987026870250702,1.8662493228912354,4.764659881591797,3.228182554244995,259.110107421875,14.904790878295898,1.9855103492736816
El Salvador,,0.10000000149011612,1.2671009302139282,15.950797080993652,0.020009543746709824,0.010282411240041256,-0.1979542076587677,1.2027493715286255,4.942871570587158,4.999541282653809,298.0281982421875,0.10107942670583725,2.199993371963501
Equatorial Guinea,,0.10000000149011612,1.762930850190969e-07,15.999985694885254,0.019999999552965164,0.010000001639127731,-0.20000000298023224,0.08916377276182175,5.000555992126465,5.0,299.9990234375,0.10000000149011612,2.200000047683716
Eritrea,,0.10000000149011612,1.2884459126457e-36,16.0,0.019999999552965164,0.009999999776482582,-0.20000000298023224,0.0010003995848819613,5.000999927520752,5.0,300.0,0.10000000149011612,2.200000047683716
Estonia,,0.10000000149011612,0.0,16.0,0.019999999552965164,0.009999999776482582,-0.20000000298023224,0.0010000598849728703,5.000999927520752,5.0,300.0,0.10000000149011612,2.200000047683716
Eswatini,,0.10000000149011612,3.1130472776090755e-26,16.0,0.019999999552965164,0.009999999776482582,-0.20000000298023224,0.0010338893625885248,5.000999927520752,5.0,300.0,0.10000000149011612,2.200000047683716
Ethiopia,,0.10000000149011612,1.089863706790547e-19,16.0,0.019999999552965164,0.009999999776482582,-0.20000000298023224,0.0015535915736109018,5.000999927520752,5.0,300.0,0.10000000149011612,2.200000047683716
Faroe Islands,,0.10000000149011612,2.4529198575662065e-33,16.0,0.019999999552965164,0.009999999776482582,-0.20000000298023224,0.0010016500018537045,5.000999927520752,5.0,300.0,0.10000000149011612,2.200000047683716
Fiji,,0.10000000149011612,6.842557305174097e-26,16.0,0.019999999552965164,0.009999999776482582,-0.20000000298023224,0.0010391796240583062,5.000999927520752,5.0,300.0,0.10000000149011612,2.200000047683716
Finland,,0.12309500575065613,97.1461410522461,14.859330177307129,0.19332776963710785,0.07636578381061554,-0.045258983969688416,1.735700011253357,4.839555740356445,3.3841779232025146,266.50201416015625,11.501830101013184,2.058687925338745
France,,0.10000000149011612,8.565579898786845e-26,16.0,0.019999999552965164,0.009999999776482582,-0.20000000298023224,0.0010390833485871553,5.000999927520752,5.0,300.0,0.10000000149011612,2.200000047683716
French Polynesia,,0.10000000149011612,1.8114657343581975e-11,16.0,0.019999999552965164,0.009999999776482582,-0.20000000298023224,0.01831766776740551,5.000972270965576,5.0,300.0,0.10000000149011612,2.200000047683716
Gabon,,0.10000000149011612,7.256206811627475e-13,16.0,0.019999999552965164,0.009999999776482582,-0.20000000298023224,0.010408597066998482,5.000994682312012,5.0,300.0,0.10000000149011612,2.200000047683716
Gambia,,0.10000000149011612,1.311697815253865e-05,15.999953269958496,0.019999999552965164,0.010000014677643776,-0.19999992847442627,0.18447516858577728,5.000482082366943,5.0,299.996826171875,0.10000000149011612,2.200000047683716
Georgia,,0.10000000149011612,1.3433954740727644e-13,16.0,0.019999999552965164,0.009999999776482582,-0.20000000298023224,0.008274583145976067,5.000991344451904,5.0,300.0,0.10000000149011612,2.200000047683716
Germany,,0.5834489464759827,23.015867233276367,6.331326007843018,0.28823795914649963,0.11197309195995331,1.6642036437988281,2.3988280296325684,3.1338179111480713,3.729435920715332,184.1915740966797,30.2232723236084,1.4613776206970215
Ghana,,0.10000000149011612,9.788686701655751e-20,16.0,0.019999999552965164,0.009999999776482582,-0.20000000298023224,0.0015151475090533495,5.000999927520752,5.0,300.0,0.10000000149011612,2.200000047683716
Gibraltar,,0.10000000149011612,0.0,16.0,0.019999999552965164,0.009999999776482582,-0.20000000298023224,0.0010000214679166675,5.000999927520752,5.0,300.0,0.10000000149011612,2.200000047683716
Greece,,0.10000000149011612,0.0,16.0,0.019999999552965164,0.009999999776482582,-0.20000000298023224,0.0010000263573601842,5.000999927520752,5.0,300.0,0.10000000149011612,2.200000047683716
Greenland,,0.10000000149011612,2.5700978899279723e-26,16.0,0.019999999552965164,0.009999999776482582,-0.20000000298023224,0.0010327760828658938,5.000999927520752,5.0,300.0,0.10000000149011612,2.200000047683716
Grenada,,0.10000000149011612,0.0,16.0,0.019999999552965164,0.009999999776482582,-0.20000000298023224,0.0010000464972108603,5.000999927520752,5.0,300.0,0.10000000149011612,2.200000047683716
Guam,,0.10000000149011612,0.0,16.0,0.019999999552965164,0.009999999776482582,-0.20000000298023224,0.0010001868940889835,5.000999927520752,5.0,300.0,0.10000000149011612,2.200000047683716
Guatemala,,0.10000000149011612,0.12147709727287292,15.981993675231934,0.02000042237341404,0.010053647682070732,-0.19956046342849731,0.8579798340797424,4.968006134033203,4.999974250793457,299.307373046875,0.10005614906549454,2.1999998092651367
Guinea,,0.10000000149011612,0.00023197635891847312,15.999486923217773,0.019999999552965164,0.010000307112932205,-0.1999983936548233,0.31386300921440125,4.998076438903809,5.0,299.97601318359375,0.10000000894069672,2.200000047683716
Guinea-Bissau,,0.10000000149011612,2.9264465135898637e-18,16.0,0.019999999552965164,0.009999999776482582,-0.20000000298023224,0.0019390990491956472,5.000999927520752,5.0,300.0,0.10000000149011612,2.200000047683716
Guyana,,0.10000000149011612,0.0,16.0,0.019999999552965164,0.009999999776482582,-0.20000000298023224,0.0010002119233831763,5.000999927520752,5.0,300.0,0.10000000149011612,2.200000047683716
Haiti,,0.12489278614521027,97.25010681152344,14.912714958190918,0.19391949474811554,0.07015534490346909,-0.041797980666160583,1.7724615335464478,4.86034631729126,3.4285941123962402,269.81103515625,9.954917907714844,2.0644710063934326
Honduras,,0.10000000149011612,1.5567233276669867e-05,15.999808311462402,0.019999999552965164,0.0100000761449337,-0.19999970495700836,0.20329442620277405,4.998862266540527,5.0,299.98980712890625,0.10000000149011612,2.200000047683716
Hungary,,0.10180004686117172,98.3674545288086,15.440317153930664,0.11211203038692474,0.04533049464225769,-0.13903450965881348,1.5028380155563354,4.928042888641357,4.099212169647217,283.03265380859375,3.5422706604003906,2.162984609603882
Iceland,,0.10000000149011612,0.0,16.0,0.019999999552965164,0.009999999776482582,-0.20000000298023224,0.0010000241454690695,5.000999927520752,5.0,300.0,0.10000000149011612,2.200000047683716
India,,0.31897568702697754,39.18658447265625,8.362438201904297,0.2506285011768341,0.11390205472707748,1.0711228847503662,2.4160447120666504,3.358156442642212,3.6996684074401855,187.6482391357422,25.68677520751953,1.6394859552383423
Indonesia,,0.205816388130188,70.74357604980469,12.024127960205078,0.2073170244693756,0.11092639714479446,0.5750330090522766,2.259146213531494,4.060735702514648,3.536377191543579,211.24887084960938,22.03880500793457,1.866937518119812
Iraq,,0.10000000149011612,2.3824424743652344,15.946203231811523,0.02001805230975151,0.010374451987445354,-0.19764460623264313,1.2704674005508423,4.94578742980957,4.999200820922852,297.77593994140625,0.10175307095050812,2.1999895572662354
Ireland,,0.2914083003997803,40.33853530883789,8.761336326599121,0.2445041835308075,0.11083981394767761,0.9881345629692078,2.3365468978881836,3.48362398147583,3.7771284580230713,190.01112365722656,22.901538848876953,1.7056796550750732
Isle of Man,,0.10000000149011612,2.9488570120624004e-27,16.0,0.019999999552965164,0.009999999776482582,-0.20000000298023224,0.001021764357574284,5.000999927520752,5.0,300.0,0.10000000149011612,2.200000047683716
Israel,,0.3106140196323395,35.86761474609375,8.417718887329102,0.2489396184682846,0.10922405123710632,1.0909364223480225,2.3405508995056152,3.435185670852661,3.85154390335083,188.934326171875,22.128293991088867,1.6918762922286987
Italy,,0.696803867816925,20.554096221923828,5.628653526306152,0.3343583643436432,0.13559721410274506,1.3642404079437256,2.736407518386841,3.252957344055176,3.390906810760498,196.88812255859375,47.79629898071289,1.3864792585372925
Jamaica,,0.10000000149011612,6.614598882129156e-19,16.0,0.019999999552965164,0.009999999776482582,-0.20000000298023224,0.0017469215672463179,5.000999927520752,5.0,300.0,0.10000000149011612,2.200000047683716
Japan,,0.1220887079834938,97.97437286376953,14.966714859008789,0.19174592196941376,0.06881073862314224,-0.05158330500125885,1.6563366651535034,4.879507541656494,3.378603219985962,272.6061706542969,9.735095024108887,2.068131446838379
Jordan,,0.10000000149011612,2.405464647317646e-20,16.0,0.019999999552965164,0.009999999776482582,-0.20000000298023224,0.0014048382872715592,5.000999927520752,5.0,300.0,0.10000000149011612,2.200000047683716
Kazakhstan,,0.10024084895849228,99.14216613769531,15.74321174621582,0.07655547559261322,0.03154440224170685,-0.1775224804878235,1.3025102615356445,4.9704508781433105,4.449107646942139,290.8434143066406,1.4392427206039429,2.187864065170288
Kenya,,0.10000000149011612,3.706920579650238e-17,16.0,0.019999999552965164,0.009999999776482582,-0.20000000298023224,0.002597167156636715,5.000999450683594,5.0,300.0,0.10000000149011612,2.200000047683716
Kiribati,,0.1488950550556183,98.12359619140625,15.219234466552734,0.25717130303382874,0.07354448735713959,-0.07040940225124359,1.7818067073822021,4.932581424713135,3.0821444988250732,277.51654052734375,11.053367614746094,2.0399057865142822
Kuwait,,0.10206728428602219,96.96524810791016,15.32080078125,0.1020243763923645,0.04568449407815933,-0.11172175407409668,1.5477501153945923,4.891364574432373,4.178714275360107,279.8795471191406,3.785163164138794,2.156599521636963
Kyrgyzstan,,0.10000000149011612,0.0004795565619133413,15.99984073638916,0.019999999552965164,0.010000180453062057,-0.19999782741069794,0.37547922134399414,4.999789237976074,5.0,299.9825439453125,0.10000000894069672,2.200000047683716
Latvia,,0.10000000149011612,0.0,16.0,0.019999999552965164,0.009999999776482582,-0.20000000298023224,0.0010000079637393355,5.000999927520752,5.0,300.0,0.10000000149011612,2.200000047683716
Lebanon,,0.10000000149011612,2.21182724913227e-10,16.0,0.019999999552965164,0.009999999776482582,-0.20000000298023224,0.028620075434446335,5.000923156738281,5.0,299.9999694824219,0.10000000149011612,2.200000047683716
Lesotho,,0.10000000149011612,1.994193516371835e-19,16.0,0.019999999552965164,0.009999999776482582,-0.20000000298023224,0.0015810111071914434,5.000999927520752,5.0,300.0,0.10000000149011612,2.200000047683716
Liberia,,0.10000000149011612,1.8348342592045765e-25,16.0,0.019999999552965164,0.009999999776482582,-0.20000000298023224,0.0010474255541339517,5.000999927520752,5.0,300.0,0.10000000149011612,2.200000047683716
Libya,,0.10000000149011612,2.5936495173795038e-09,15.999998092651367,0.019999999552965164,0.009999999776482582,-0.20000000298023224,0.04324031248688698,5.00090217590332,5.0,299.9998779296875,0.10000000149011612,2.200000047683716
Liechtenstein,,0.10000000149011612,0.0,16.0,0.019999999552965164,0.009999999776482582,-0.20000000298023224,0.0010001001646742225,5.000999927520752,5.0,300.0,0.10000000149011612,2.200000047683716
Lithuania,,0.10000000149011612,0.02298697829246521,15.99357795715332,0.020000023767352104,0.01001076027750969,-0.19992578029632568,0.6589548587799072,4.985935688018799,4.999998092651367,299.7513427734375,0.10000322014093399,2.200000047683716
Luxembourg,,0.10000000149011612,0.0,16.0,0.019999999552965164,0.009999999776482582,-0.20000000298023224,0.0010000326437875628,5.000999927520752,5.0,300.0,0.10000000149011612,2.200000047683716
Madagascar,,0.10000000149011612,1.4903320307964354e-34,16.0,0.019999999552965164,0.009999999776482582,-0.20000000298023224,0.0010009825928136706,5.000999927520752,5.0,300.0,0.10000000149011612,2.200000047683716
Malawi,,0.10000000149011612,2.2552725587675977e-20,16.0,0.019999999552965164,0.009999999776482582,-0.20000000298023224,0.0013917472679167986,5.000999927520752,5.0,300.0,0.10000000149011612,2.200000047683716
Malaysia,,0.15313337743282318,94.78787994384766,14.602328300476074,0.2198992669582367,0.08397035300731659,0.04262949526309967,1.8755197525024414,4.8024210929870605,3.4008960723876953,261.2231140136719,13.010824203491211,2.015702724456787
Maldives,,0.10000000149011612,0.6994697451591492,15.97828197479248,0.020001700147986412,0.010097242891788483,-0.1994507759809494,1.0489095449447632,4.971222877502441,4.9998955726623535,299.08587646484375,0.1001758947968483,2.1999993324279785
Mali,,0.10000000149011612,3.8654388023751096e-10,16.0,0.019999999552965164,0.009999999776482582,-0.20000000298023224,0.03174283728003502,5.0009050369262695,5.0,299.99993896484375,0.10000000149011612,2.200000047683716
Malta,,0.10000000149011612,0.0,16.0,0.019999999552965164,0.009999999776482582,-0.20000000298023224,0.0010000080801546574,5.000999927520752,5.0,300.0,0.10000000149011612,2.200000047683716
Marshall Islands,,1.2271169424057007,18.32232093811035,5.171270847320557,0.3598135709762573,0.15508534014225006,2.090940237045288,2.8207952976226807,2.9963622093200684,2.7820346355438232,191.7774200439453,58.10945129394531,1.104590654373169
Mauritania,,0.11225223541259766,98.76513671875,15.332216262817383,0.18176205456256866,0.059512436389923096,-0.11502081155776978,1.6003645658493042,4.932894229888916,3.5227441787719727,279.3744812011719,6.735701560974121,2.1135692596435547
Mauritius,,0.10000000149011612,8.960865132069743e-29,16.0,0.019999999552965164,0.009999999776482582,-0.20000000298023224,0.00101137300953269,5.000999927520752,5.0,300.0,0.10000000149011612,2.200000047683716
Mexico,,0.27316805720329285,47.362388610839844,9.234683990478516,0.23589321970939636,0.11361293494701385,0.9280603528022766,2.391895294189453,3.4886085987091064,3.675142288208008,191.52658081054688,24.503019332885742,1.711277723312378
Monaco,,0.10000000149011612,1.598779522203106e-31,16.0,0.019999999552965164,0.009999999776482582,-0.20000000298023224,0.0010036738822236657,5.000999927520752,5.0,300.0,0.10000000149011612,2.200000047683716
Mongolia,,0.10000000149011612,0.0,16.0,0.019999999552965164,0.009999999776482582,-0.20000000298023224,0.0010002327617257833,5.000999927520752,5.0,300.0,0.10000000149011612,2.200000047683716
Montenegro,,0.10000000149011612,0.0,16.0,0.019999999552965164,0.009999999776482582,-0.20000000298023224,0.0010000185575336218,5.000999927520752,5.0,300.0,0.10000000149011612,2.200000047683716
Morocco,,0.1392526477575302,95.39173126220703,14.574944496154785,0.20371349155902863,0.08144544064998627,0.027692437171936035,1.8435522317886353,4.779869556427002,3.3872718811035156,259.97998046875,13.236331939697266,2.0246496200561523
Mozambique,,0.10000000149011612,2.385107829377944e-19,16.0,0.019999999552965164,0.009999999776482582,-0.20000000298023224,0.001633434440009296,5.000999927520752,5.0,300.0,0.10000000149011612,2.200000047683716
Myanmar,,0.10000000149011612,1.1027474544492061e-36,16.0,0.019999999552965164,0.009999999776482582,-0.20000000298023224,0.001000395743176341,5.000999927520752,5.0,300.0,0.10000000149011612,2.200000047683716
Namibia,,0.10000000149011612,0.09374404698610306,15.992167472839355,0.02000010572373867,0.010020580142736435,-0.1998688131570816,0.7754091620445251,4.984961032867432,4.999992370605469,299.6624755859375,0.10001172125339508,2.200000047683716
Nauru,,0.10000000149011612,0.031199146062135696,15.998310089111328,0.02000000886619091,0.010003942996263504,-0.19997726380825043,0.6396321654319763,4.996213912963867,4.999999523162842,299.8805847167969,0.10000088810920715,2.200000047683716
Nepal,,0.16147559881210327,88.40230560302734,13.710872650146484,0.1986347734928131,0.08956165611743927,0.23579256236553192,2.080073118209839,4.56105375289917,3.538559913635254,247.17581176757812,15.607075691223145,1.9697051048278809
Netherlands,,0.10000000149011612,4.644794548980258e-10,16.0,0.019999999552965164,0.009999999776482582,-0.20000000298023224,0.0318061038851738,5.0009846687316895,5.0,299.9999694824219,0.10000000149011612,2.200000047683716
New Caledonia,,0.10000000149011612,0.0,16.0,0.019999999552965164,0.009999999776482582,-0.20000000298023224,0.0010000485926866531,5.000999927520752,5.0,300.0,0.10000000149011612,2.200000047683716
New Zealand,,0.10000000149011612,4.538210760074435e-06,15.999917984008789,0.019999999552965164,0.010000023059546947,-0.19999992847442627,0.1600460261106491,4.999814033508301,5.0,299.9952087402344,0.10000000149011612,2.200000047683716
Nicaragua,,0.10000000149011612,0.0,16.0,0.019999999552965164,0.009999999776482582,-0.20000000298023224,0.0010002696653828025,5.000999927520752,5.0,300.0,0.10000000149011612,2.200000047683716
Niger,,0.10000000149011612,2.0765409391998446e-09,15.999998092651367,0.019999999552965164,0.009999999776482582,-0.20000000298023224,0.04160104691982269,5.000870227813721,5.0,299.9998474121094,0.10000000149011612,2.200000047683716
Nigeria,,0.1799537092447281,94.25396728515625,14.295074462890625,0.22503718733787537,0.08451912552118301,0.1370895951986313,1.9266506433486938,4.726118087768555,3.210143566131592,256.9633483886719,16.025760650634766,1.9598027467727661
North Macedonia,,0.10000000149011612,0.0,16.0,0.019999999552965164,0.009999999776482582,-0.20000000298023224,0.0010000112233683467,5.000999927520752,5.0,300.0,0.10000000149011612,2.200000047683716
Norway,,0.20177903771400452,80.7876205444336,13.26721477508545,0.22359901666641235,0.10952074080705643,0.34531092643737793,2.104735851287842,4.452139377593994,3.454094886779785,232.1862335205078,19.189590454101562,1.9179234504699707
Oman,,0.12122635543346405,97.85160827636719,15.006209373474121,0.19084766507148743,0.06848394870758057,-0.061729684472084045,1.7018805742263794,4.879109859466553,3.401522636413574,271.7369384765625,9.497241973876953,2.0738821029663086
Pakistan,,0.2156069278717041,56.62467956542969,10.376361846923828,0.21468837559223175,0.11097021400928497,0.6913244128227234,2.345452070236206,3.691551446914673,3.723409414291382,197.1747589111328,22.01697540283203,1.824286699295044
Palau,,0.11341775208711624,99.4113998413086,15.584869384765625,0.2136242687702179,0.05517749488353729,-0.1434062421321869,1.5165354013442993,4.973412036895752,3.425199508666992,286.8547058105469,5.533575057983398,2.1202392578125
Panama,,0.1606101244688034,87.80653381347656,13.808745384216309,0.2015393078327179,0.09431517124176025,0.207797572016716,2.03802227973938,4.5861921310424805,3.566901206970215,244.3933563232422,15.535852432250977,1.9800736904144287
Papua New Guinea,,0.10000000149011612,7.754738583363332e-31,16.0,0.019999999552965164,0.009999999776482582,-0.20000000298023224,0.0010046513052657247,5.000999927520752,5.0,300.0,0.10000000149011612,2.200000047683716
Paraguay,,0.10000000149011612,1.370070363811061e-19,16.0,0.019999999552965164,0.009999999776482582,-0.20000000298023224,0.0015715197660028934,5.000999927520752,5.0,300.0,0.10000000149011612,2.200000047683716
Peru,,0.3355756402015686,34.949256896972656,7.9351959228515625,0.25696948170661926,0.11270929872989655,1.1245452165603638,2.432774782180786,3.341902017593384,3.7722537517547607,189.0453338623047,25.993112564086914,1.6253031492233276
Philippines,,0.18679824471473694,83.94635009765625,13.51646900177002,0.21312709152698517,0.099715456366539,0.2972104549407959,2.1233904361724854,4.534027099609375,3.5575711727142334,240.21568298339844,16.202890396118164,1.9490461349487305
Poland,,0.22661909461021423,55.8802490234375,10.3822603225708,0.21797548234462738,0.11167364567518234,0.730311393737793,2.3499066829681396,3.708439350128174,3.7047882080078125,197.8759307861328,22.02463722229004,1.8132178783416748
Portugal,,0.10000000149011612,1.847875928886288e-20,16.0,0.019999999552965164,0.009999999776482582,-0.20000000298023224,0.0013770143268629909,5.000999927520752,5.0,300.0,0.10000000149011612,2.200000047683716
Puerto Rico,,0.10000000149011612,5.227296242082957e-06,15.999922752380371,0.019999999552965164,0.010000021196901798,-0.19999992847442627,0.1618100255727768,4.999956130981445,5.0,299.99560546875,0.10000000149011612,2.200000047683716
Qatar,,0.10000000149011612,4.521434338045083e-09,15.999998092651367,0.019999999552965164,0.009999999776482582,-0.20000000298023224,0.045593105256557465,5.0008978843688965,5.0,299.9998779296875,0.10000000149011612,2.200000047683716
Romania,,0.2198633849620819,59.25843811035156,10.846254348754883,0.2157587856054306,0.11104172468185425,0.6812376379966736,2.326730251312256,3.822340488433838,3.698390007019043,201.8690185546875,21.39051628112793,1.8353086709976196
Rwanda,,0.10000000149011612,4.635361893925226e-28,16.0,0.019999999552965164,0.009999999776482582,-0.20000000298023224,0.0010157888755202293,5.000999927520752,5.0,300.0,0.10000000149011612,2.200000047683716
Saint Kitts and Nevis,,0.10000000149011612,4.4670220634775026e-23,16.0,0.019999999552965164,0.009999999776482582,-0.20000000298023224,0.0011282892664894462,5.000999927520752,5.0,300.0,0.10000000149011612,2.200000047683716
Saint Lucia,,0.10000000149011612,2.3947819273554517e-33,16.0,0.019999999552965164,0.009999999776482582,-0.20000000298023224,0.0010016427841037512,5.000999927520752,5.0,300.0,0.10000000149011612,2.200000047683716
Saint Vincent and the Grenadines,,0.10000000149011612,1.4131569515211652e-26,16.0,0.019999999552965164,0.009999999776482582,-0.20000000298023224,0.001029257895424962,5.000999927520752,5.0,300.0,0.10000000149011612,2.200000047683716
Samoa,,0.12977921962738037,98.94242858886719,15.558614730834961,0.2687303125858307,0.06357094645500183,-0.13540205359458923,1.7652225494384766,4.97423791885376,3.319108247756958,288.4093933105469,7.14269495010376,2.104140281677246
San Marino,,0.10000000149011612,1.0457647002741337e-24,16.0,0.019999999552965164,0.009999999776482582,-0.20000000298023224,0.0010637670056894422,5.000999927520752,5.0,300.0,0.10000000149011612,2.200000047683716
Sao Tome and Principe,,0.10000000149011612,2.0067485605525267e-32,16.0,0.019999999552965164,0.009999999776482582,-0.20000000298023224,0.0010024011135101318,5.000999927520752,5.0,300.0,0.10000000149011612,2.200000047683716
Saudi Arabia,,0.22728708386421204,58.94505310058594,10.544488906860352,0.21748845279216766,0.11318132281303406,0.7122281193733215,2.3329806327819824,3.708803415298462,3.6149401664733887,197.14593505859375,23.522319793701172,1.8045172691345215
Senegal,,0.10000000149011612,2.1480317202818852e-15,16.0,0.019999999552965164,0.009999999776482582,-0.20000000298023224,0.004316834267228842,5.000998020172119,5.0,300.0,0.10000000149011612,2.200000047683716
Serbia,,0.20479044318199158,69.77278900146484,12.017239570617676,0.20997101068496704,0.11014266312122345,0.5368710160255432,2.253824472427368,4.122437000274658,3.599918842315674,213.73207092285156,20.22620391845703,1.8824889659881592
Seychelles,,0.10000000149011612,0.0,16.0,0.019999999552965164,0.009999999776482582,-0.20000000298023224,0.0010000441689044237,5.000999927520752,5.0,300.0,0.10000000149011612,2.200000047683716
Sierra Leone,,0.10000000149011612,2.047936732196831e-06,15.999934196472168,0.019999999552965164,0.01000001560896635,-0.19999994337558746,0.144107386469841,4.99985408782959,5.0,299.99609375,0.10000000149011612,2.200000047683716
Singapore,,0.120133176445961,96.9864501953125,14.796418190002441,0.17510820925235748,0.06702790409326553,-0.019143640995025635,1.6980255842208862,4.841434001922607,3.522825002670288,270.4107360839844,9.313392639160156,2.0676417350769043
Slovakia,,0.10000000149011612,0.01959708333015442,15.993953704833984,0.020000021904706955,0.010010148398578167,-0.19992908835411072,0.6498016119003296,4.986323833465576,4.999998092651367,299.7640380859375,0.10000279545783997,2.200000047683716
Slovenia,,0.10000000149011612,0.0,16.0,0.019999999552965164,0.009999999776482582,-0.20000000298023224,0.0010000112233683467,5.000999927520752,5.0,300.0,0.10000000149011612,2.200000047683716
Solomon Islands,,0.14163975417613983,95.95182037353516,14.983134269714355,0.24404866993427277,0.08175347000360489,-0.04696936905384064,1.9621682167053223,4.900294303894043,3.4680161476135254,274.5972900390625,10.532504081726074,2.0597472190856934
Somalia,,0.10000000149011612,0.0008186862105503678,15.999454498291016,0.019999999552965164,0.010000410489737988,-0.19999758899211884,0.3701121211051941,4.998477458953857,5.0,299.9729919433594,0.10000000894069672,2.200000047683716
South Africa,,0.14408338069915771,92.94783782958984,14.223467826843262,0.20003709197044373,0.0876070037484169,0.09010858833789825,1.926145315170288,4.6906962394714355,3.452228307723999,252.658203125,14.836578369140625,2.0077404975891113
South Sudan,,0.10000000149011612,1.4836490868329333e-13,16.0,0.019999999552965164,0.009999999776482582,-0.20000000298023224,0.007916070520877838,5.000997543334961,5.0,300.0,0.10000000149011612,2.200000047683716
Spain,,0.7476089596748352,20.461111068725586,5.935281753540039,0.3104398250579834,0.12062814086675644,1.8376152515411377,2.5071611404418945,3.0886788368225098,3.504075527191162,182.5074462890625,37.70783233642578,1.3584656715393066
Sri Lanka,,0.10000000149011612,1.6998494692559956e-22,16.0,0.019999999552965164,0.009999999776482582,-0.20000000298023224,0.001166663016192615,5.000999927520752,5.0,300.0,0.10000000149011612,2.200000047683716
Sudan,,0.1289372444152832,99.34617614746094,15.610097885131836,0.26144587993621826,0.05635149031877518,-0.13659673929214478,1.6415828466415405,4.978918075561523,3.2273471355438232,289.0645446777344,6.173604488372803,2.103097915649414
Suriname,,0.10000000149011612,4.727018134017234e-14,16.0,0.019999999552965164,0.009999999776482582,-0.20000000298023224,0.0068538133054971695,5.000995635986328,5.0,300.0,0.10000000149011612,2.200000047683716
Sweden,,0.2383078634738922,52.10227966308594,9.943367004394531,0.22486095130443573,0.11217668652534485,0.7826246619224548,2.3457698822021484,3.658708095550537,3.6942970752716064,197.18067932128906,22.287391662597656,1.7874068021774292
Switzerland,,0.4389319121837616,22.920846939086914,6.632370948791504,0.28262990713119507,0.10950717329978943,1.3786187171936035,2.368250608444214,3.256273031234741,3.8882699012756348,184.8806915283203,25.54312515258789,1.5596085786819458
Tajikistan,,0.13837823271751404,96.38240051269531,14.809019088745117,0.21452410519123077,0.08035270124673843,-0.018731728196144104,1.8013542890548706,4.840785026550293,3.3359315395355225,264.41229248046875,12.34306812286377,2.038273334503174
Thailand,,0.10000035911798477,57.062320709228516,15.81305980682373,0.022240711376070976,0.015211818739771843,-0.1825665980577469,1.4503705501556396,4.919398307800293,4.959502220153809,292.2191162109375,0.21824949979782104,2.198927879333496
United Kingdom,,0.5592979788780212,24.143253326416016,6.093584060668945,0.31151628494262695,0.1277492344379425,1.3046334981918335,2.666450023651123,3.261319160461426,3.499760150909424,192.088134765625,41.03692626953125,1.4368464946746826
Togo,,0.10000000149011612,2.3179389016744663e-22,16.0,0.019999999552965164,0.009999999776482582,-0.20000000298023224,0.001175419194623828,5.000999927520752,5.0,300.0,0.10000000149011612,2.200000047683716
Tonga,,0.10000000149011612,9.096796099123468e-16,16.0,0.019999999552965164,0.009999999776482582,-0.20000000298023224,0.003709137439727783,5.000999450683594,5.0,300.0,0.10000000149011612,2.200000047683716
Trinidad and Tobago,,0.10000000149011612,0.0,16.0,0.019999999552965164,0.009999999776482582,-0.20000000298023224,0.001000088406726718,5.000999927520752,5.0,300.0,0.10000000149011612,2.200000047683716
Tunisia,,0.10000000149011612,3.852599184028804e-05,15.999733924865723,0.019999999552965164,0.01000011432915926,-0.19999951124191284,0.23042744398117065,4.998682498931885,5.0,299.98638916015625,0.10000000149011612,2.200000047683716
Turks and Caicos Islands,,0.10000000149011612,7.880435822143304e-23,16.0,0.019999999552965164,0.009999999776482582,-0.20000000298023224,0.001143544097431004,5.000999927520752,5.0,300.0,0.10000000149011612,2.200000047683716
Tuvalu,,0.10000000149011612,3.2866037641798934e-26,16.0,0.019999999552965164,0.009999999776482582,-0.20000000298023224,0.0010331072844564915,5.000999927520752,5.0,300.0,0.10000000149011612,2.200000047683716
Uganda,,0.10000000149011612,5.771919120434177e-08,15.99998950958252,0.019999999552965164,0.010000000707805157,-0.20000000298023224,0.07753924280405045,5.000552177429199,5.0,299.99920654296875,0.10000000149011612,2.200000047683716
Ukraine,,0.10000000149011612,3.4360959384015974e-37,16.0,0.019999999552965164,0.009999999776482582,-0.20000000298023224,0.0010003079660236835,5.000999927520752,5.0,300.0,0.10000000149011612,2.200000047683716
United Arab Emirates,,0.22133493423461914,59.337158203125,10.945770263671875,0.21744444966316223,0.10945068299770355,0.6740443110466003,2.3359310626983643,3.88248348236084,3.7158265113830566,207.5203094482422,21.074432373046875,1.8384582996368408
United States Virgin Islands,,0.10000000149011612,3.8016336903657486e-19,16.0,0.019999999552965164,0.009999999776482582,-0.20000000298023224,0.0017120038392022252,5.000999927520752,5.0,300.0,0.10000000149011612,2.200000047683716
United States,,1.5235673189163208,11.321626663208008,1.870300531387329,0.43078678846359253,0.18814873695373535,2.433903217315674,2.966560125350952,2.883509397506714,2.0924205780029297,216.5091094970703,66.19400787353516,0.9174832701683044
Uruguay,,0.10000000149011612,3.354643299258164e-11,16.0,0.019999999552965164,0.009999999776482582,-0.20000000298023224,0.020810024812817574,5.0009589195251465,5.0,299.9999694824219,0.10000000149011612,2.200000047683716
Uzbekistan,,0.10000000149011612,3.3294059144217365e-34,16.0,0.019999999552965164,0.009999999776482582,-0.20000000298023224,0.0010010914411395788,5.000999927520752,5.0,300.0,0.10000000149011612,2.200000047683716
Vanuatu,,0.20123836398124695,77.56468200683594,12.965452194213867,0.2331145852804184,0.10713136941194534,0.34723061323165894,2.275705337524414,4.466945171356201,3.555454730987549,235.70822143554688,18.062227249145508,1.911481261253357
Yemen,,0.10000000149011612,4.993839297640079e-07,15.999969482421875,0.019999999552965164,0.01000000536441803,-0.19999998807907104,0.11176926642656326,5.000280380249023,5.0,299.99810791015625,0.10000000149011612,2.200000047683716
Zambia,,0.10000000149011612,1.3173682571422582e-18,16.0,0.019999999552965164,0.009999999776482582,-0.20000000298023224,0.0018377284286543727,5.000999927520752,5.0,300.0,0.10000000149011612,2.200000047683716
Zimbabwe,,0.10000000149011612,4.527748031508552e-18,16.0,0.019999999552965164,0.009999999776482582,-0.20000000298023224,0.0020875665359199047,5.000999927520752,5.0,300.0,0.10000000149011612,2.200000047683716
United States,Washington,0.244784414768219,47.61445617675781,9.907705307006836,0.23027683794498444,0.1085907369852066,0.7990695238113403,2.2917330265045166,3.7671213150024414,3.7989635467529297,200.77490234375,19.462100982666016,1.8068437576293945
Australia,New South Wales,0.11770601570606232,98.91346740722656,15.424368858337402,0.21768227219581604,0.05984226614236832,-0.12106434255838394,1.6305509805679321,4.957030296325684,3.3703646659851074,283.3981018066406,6.919859886169434,2.0993285179138184
Australia,Queensland,0.10000000149011612,9.146204682508596e-09,15.999998092651367,0.019999999552965164,0.009999999776482582,-0.20000000298023224,0.05400966852903366,5.000835418701172,5.0,299.9997863769531,0.10000000149011612,2.200000047683716
Australia,South Australia,0.10000000149011612,3.8799829798608325e-29,16.0,0.019999999552965164,0.009999999776482582,-0.20000000298023224,0.001009601866826415,5.000999927520752,5.0,300.0,0.10000000149011612,2.200000047683716
Australia,Tasmania,0.10000000149011612,1.1284135980199471e-33,16.0,0.019999999552965164,0.009999999776482582,-0.20000000298023224,0.0010014277650043368,5.000999927520752,5.0,300.0,0.10000000149011612,2.200000047683716
Australia,Victoria,0.10000000149011612,6.156455345518452e-09,15.999998092651367,0.019999999552965164,0.009999999776482582,-0.20000000298023224,0.05044190585613251,5.000866413116455,5.0,299.99981689453125,0.10000000149011612,2.200000047683716
Australia,Western Australia,0.10000000149011612,1.9043554614460563e-25,16.0,0.019999999552965164,0.009999999776482582,-0.20000000298023224,0.0010463318321853876,5.000999927520752,5.0,300.0,0.10000000149011612,2.200000047683716
Canada,Alberta,0.1001800000667572,99.67363739013672,15.872288703918457,0.0872727781534195,0.025656921789050102,-0.18891289830207825,1.2238528728485107,4.991934776306152,4.494638442993164,295.6407775878906,0.8809829950332642,2.1918420791625977
Canada,British Columbia,0.10000000149011612,2.3781357091912092e-11,16.0,0.019999999552965164,0.009999999776482582,-0.20000000298023224,0.01829337701201439,5.000988006591797,5.0,300.0,0.10000000149011612,2.200000047683716
Canada,Manitoba,0.10000000149011612,1.743390996752956e-35,16.0,0.019999999552965164,0.009999999776482582,-0.20000000298023224,0.0010006491793319583,5.000999927520752,5.0,300.0,0.10000000149011612,2.200000047683716
Canada,New Brunswick,0.10000000149011612,0.0,16.0,0.019999999552965164,0.009999999776482582,-0.20000000298023224,0.0010001463815569878,5.000999927520752,5.0,300.0,0.10000000149011612,2.200000047683716
Canada,Nova Scotia,0.10000000149011612,0.0003661425434984267,15.998847961425781,0.019999999552965164,0.010000885464251041,-0.19999566674232483,0.35686564445495605,4.994966983795166,5.0,299.94970703125,0.10000002384185791,2.200000047683716
Canada,Nunavut,0.10000000149011612,9.678071813709828e-29,16.0,0.019999999552965164,0.009999999776482582,-0.20000000298023224,0.001011683838441968,5.000999927520752,5.0,300.0,0.10000000149011612,2.200000047683716
Canada,Ontario,0.26930126547813416,46.07462692260742,9.323745727539062,0.23386844992637634,0.11114826798439026,0.9198423027992249,2.3524324893951416,3.545151948928833,3.7315738201141357,192.96839904785156,22.727867126464844,1.7387834787368774
Canada,Prince Edward Island,0.10000000149011612,0.0,16.0,0.019999999552965164,0.009999999776482582,-0.20000000298023224,0.001000052667222917,5.000999927520752,5.0,300.0,0.10000000149011612,2.200000047683716
Canada,Quebec,0.3888324797153473,27.79242706298828,7.097087860107422,0.27248111367225647,0.11316732317209244,1.250540852546692,2.3903236389160156,3.2704050540924072,3.816157341003418,183.41998291015625,26.415802001953125,1.581460952758789
Canada,Saskatchewan,0.10000000149011612,5.226633758235218e-19,16.0,0.019999999552965164,0.009999999776482582,-0.20000000298023224,0.0017366859829053283,5.000999927520752,5.0,300.0,0.10000000149011612,2.200000047683716
Canada,Yukon,0.10000000149011612,8.924499963601066e-29,16.0,0.019999999552965164,0.009999999776482582,-0.20000000298023224,0.0010113270254805684,5.000999927520752,5.0,300.0,0.10000000149011612,2.200000047683716
United States,Illinois,0.5278465747833252,22.605060577392578,6.1049604415893555,0.2998907268047333,0.11862607300281525,1.4324350357055664,2.5496063232421875,3.231494188308716,3.6225435733795166,185.65603637695312,34.482879638671875,1.4450592994689941
United States,California,0.41432762145996094,26.68109893798828,6.992926597595215,0.2764991521835327,0.11121208220720291,1.3104896545410156,2.403021812438965,3.289843797683716,3.818342685699463,184.8981170654297,25.860618591308594,1.5622344017028809
United States,Arizona,0.20225468277931213,65.90345764160156,11.564326286315918,0.20824643969535828,0.11227443069219589,0.5736846327781677,2.2192327976226807,4.013763427734375,3.5568249225616455,209.3227996826172,21.284778594970703,1.8689653873443604
United States,Massachusetts,0.47711315751075745,24.88517189025879,6.404090881347656,0.28973886370658875,0.11569545418024063,1.3705108165740967,2.518984794616699,3.241025447845459,3.6772022247314453,185.38987731933594,31.51451873779297,1.4752068519592285
United States,Wisconsin,0.18279948830604553,75.98727416992188,12.698258399963379,0.1982232630252838,0.10690400749444962,0.45083028078079224,2.1436147689819336,4.237138271331787,3.553602457046509,224.4197540283203,19.790348052978516,1.9111751317977905
United States,Texas,0.40666887164115906,24.6712589263916,6.8566179275512695,0.2772245407104492,0.10887797176837921,1.323803424835205,2.364132881164551,3.282623291015625,3.8927981853485107,184.9912109375,24.387842178344727,1.5792193412780762
United States,Nebraska,0.18018224835395813,78.73070526123047,12.824889183044434,0.19856688380241394,0.10248065739870071,0.4618570804595947,2.158811569213867,4.250866889953613,3.5286567211151123,229.28518676757812,20.355863571166992,1.9042093753814697
United States,Utah,0.1416376829147339,93.03799438476562,14.297463417053223,0.19914263486862183,0.08761093765497208,0.07966606318950653,1.8802129030227661,4.71170711517334,3.4937915802001953,255.3134307861328,13.837517738342285,2.0115585327148438
United States,Oregon,0.1000003069639206,47.246177673339844,15.779203414916992,0.021998077630996704,0.015512876212596893,-0.18099342286586761,1.4908826351165771,4.8962554931640625,4.960821151733398,291.1568603515625,0.22910702228546143,2.1987929344177246
United States,Florida,0.4917329251766205,21.155162811279297,6.1970133781433105,0.29200249910354614,0.11075063794851303,1.474202036857605,2.4254631996154785,3.2175440788269043,3.8129324913024902,184.20619201660156,27.927814483642578,1.497159719467163
United States,New York,1.3216910362243652,12.571281433105469,4.090202331542969,0.39239367842674255,0.16665944457054138,1.9170491695404053,3.0620534420013428,3.174558639526367,2.682330846786499,213.15516662597656,65.4739990234375,1.0320465564727783
United States,Rhode Island,0.22922056913375854,55.769962310791016,10.666214942932129,0.2166418731212616,0.11025789380073547,0.724207878112793,2.2827634811401367,3.8546481132507324,3.68861722946167,205.75372314453125,20.394487380981445,1.8292865753173828
United States,Georgia,0.43376585841178894,21.475872039794922,6.449949264526367,0.2840355932712555,0.10626132786273956,1.393530249595642,2.375166893005371,3.2823987007141113,3.939974069595337,187.9725341796875,24.21929168701172,1.5590323209762573
United States,New Hampshire,0.11637041717767715,97.82825469970703,14.915267944335938,0.18026480078697205,0.0690619945526123,-0.06103920936584473,1.6341266632080078,4.86690616607666,3.4541802406311035,271.8980407714844,9.62671947479248,2.0782508850097656
United States,North Carolina,0.2196141630411148,56.60394287109375,10.717439651489258,0.21714992821216583,0.11095251142978668,0.6750186085700989,2.268273115158081,3.8766396045684814,3.683948040008545,205.60142517089844,20.403751373291016,1.8411588668823242
United States,New Jersey,0.8159286379814148,15.487594604492188,5.240738868713379,0.3450765609741211,0.1323452740907669,1.6133531332015991,2.73917293548584,3.2603650093078613,3.4404611587524414,193.09230041503906,45.35734176635742,1.3276631832122803
United States,Colorado,0.2837214171886444,39.51727294921875,8.84663200378418,0.2391655445098877,0.10788873583078384,0.9825838208198547,2.285501003265381,3.5275163650512695,3.8114097118377686,191.55548095703125,21.296205520629883,1.7306082248687744
United States,Maryland,0.3513847291469574,30.096620559692383,7.699246406555176,0.2630585730075836,0.10845215618610382,1.184470534324646,2.3097848892211914,3.3497793674468994,3.8690853118896484,185.00782775878906,22.71731948852539,1.6457090377807617
United States,Nevada,0.1204332634806633,96.93531036376953,14.83572769165039,0.188207745552063,0.0748654380440712,-0.045036256313323975,1.7271690368652344,4.840092182159424,3.4849963188171387,268.168212890625,10.534819602966309,2.064885377883911
United States,Tennessee,0.21319147944450378,59.51555252075195,10.871560096740723,0.21670179069042206,0.11292669177055359,0.6335861086845398,2.248955249786377,3.890859603881836,3.6165261268615723,204.11087036132812,21.52096176147461,1.8457822799682617
United States,Hawaii,0.10000000149011612,2.6755171429054814e-12,16.0,0.019999999552965164,0.009999999776482582,-0.20000000298023224,0.013793755322694778,5.000980854034424,5.0,300.0,0.10000000149011612,2.200000047683716
United States,Indiana,0.31034889817237854,33.980918884277344,8.165088653564453,0.2535467743873596,0.10929849743843079,1.0531063079833984,2.287637233734131,3.425786256790161,3.8366053104400635,186.5347137451172,22.297821044921875,1.6844907999038696
United States,Kentucky,0.1350962519645691,97.46697998046875,15.077223777770996,0.22528985142707825,0.074002206325531,-0.0540425181388855,1.7181528806686401,4.898372173309326,3.371495246887207,273.5352783203125,10.339701652526855,2.0562992095947266
United States,Minnesota,0.1526438295841217,88.5865478515625,13.62839126586914,0.19567881524562836,0.09247207641601562,0.23379473388195038,2.0171844959259033,4.511246204376221,3.489898204803467,245.4608154296875,17.153743743896484,1.9627994298934937
United States,Oklahoma,0.1116575300693512,97.67315673828125,14.968442916870117,0.17198488116264343,0.07050617039203644,-0.08126364648342133,1.6526039838790894,4.86137056350708,3.5481791496276855,271.0090637207031,9.272468566894531,2.0939300060272217
United States,Pennsylvania,0.5998162031173706,19.879711151123047,5.861667156219482,0.30885961651802063,0.11815663427114487,1.571238398551941,2.5426011085510254,3.2059407234191895,3.623077869415283,185.15866088867188,34.888832092285156,1.4091075658798218
United States,South Carolina,0.16753613948822021,86.85073852539062,13.76796817779541,0.20781873166561127,0.09872359782457352,0.219138965010643,1.9918204545974731,4.571671009063721,3.5318546295166016,242.68734741210938,16.360124588012695,1.9701892137527466
United States,District of Columbia,0.1591983139514923,86.06571197509766,13.540756225585938,0.19609934091567993,0.0959082692861557,0.26824063062667847,2.031947374343872,4.487013339996338,3.5489907264709473,241.52215576171875,16.978965759277344,1.9603427648544312
United States,Kansas,0.14139524102210999,90.03004455566406,13.859333038330078,0.1892634481191635,0.08975380659103394,0.16599653661251068,1.982275128364563,4.577703475952148,3.552398443222046,249.33157348632812,15.34859848022461,1.9923655986785889
United States,Missouri,0.1866021752357483,70.64727783203125,12.142547607421875,0.20571890473365784,0.11194859445095062,0.46128642559051514,2.178450584411621,4.162197113037109,3.5610122680664062,215.2766571044922,19.938800811767578,1.9040188789367676
United States,Vermont,0.10000000149011612,2.5665372049843427e-07,15.999979972839355,0.019999999552965164,0.010000002570450306,-0.19999998807907104,0.10131775587797165,5.000464916229248,5.0,299.9987487792969,0.10000000149011612,2.200000047683716
United States,Virginia,0.30562782287597656,35.65488815307617,8.422321319580078,0.2483052760362625,0.10824597626924515,1.0409353971481323,2.2926242351531982,3.464561939239502,3.8294219970703125,189.3275604248047,22.042133331298828,1.6996432542800903
United States,Connecticut,0.4124770164489746,23.50162696838379,6.781734466552734,0.27858418226242065,0.10731590539216995,1.3443635702133179,2.351968288421631,3.289252519607544,3.930849075317383,186.16061401367188,23.628820419311523,1.5838799476623535
United States,Iowa,0.2088361531496048,63.10078430175781,11.324782371520996,0.20355471968650818,0.11082044243812561,0.6700435280799866,2.283493995666504,3.891079902648926,3.589336395263672,207.4821319580078,22.085668563842773,1.844411015510559
United States,Louisiana,0.5134885311126709,19.76201629638672,6.079139709472656,0.2952801287174225,0.10967481881380081,1.5320571660995483,2.402808904647827,3.2084286212921143,3.836829662322998,183.6709747314453,27.43804359436035,1.4908519983291626
United States,Ohio,0.3183106780052185,32.99054718017578,8.099465370178223,0.25406500697135925,0.10781034082174301,1.0923365354537964,2.2965688705444336,3.4160873889923096,3.8587355613708496,187.706787109375,22.087932586669922,1.6827583312988281
United States,Michigan,0.30665385723114014,31.251197814941406,7.59112024307251,0.26594045758247375,0.11198510229587555,1.021818995475769,2.361509323120117,3.443164587020874,3.8703348636627197,185.29891967773438,23.20041275024414,1.6515052318572998
United States,South Dakota,0.12995390594005585,95.46754455566406,14.531652450561523,0.19288596510887146,0.08054997026920319,0.01851099729537964,1.7987278699874878,4.771727085113525,3.4419355392456055,261.61602783203125,12.549910545349121,2.0312998294830322
United States,Arkansas,0.10006725788116455,98.24594116210938,15.7438325881958,0.05321527644991875,0.02756328135728836,-0.18039563298225403,1.3088256120681763,4.96239709854126,4.647110939025879,290.9665222167969,1.0185452699661255,2.1913015842437744
United States,Delaware,0.15238237380981445,92.1117935180664,14.314002990722656,0.20842301845550537,0.08801266551017761,0.10256122052669525,1.909122347831726,4.7298173904418945,3.5395941734313965,256.722900390625,13.384378433227539,2.0062038898468018
United States,Mississippi,0.18471398949623108,77.64464569091797,12.694451332092285,0.20199309289455414,0.10783383250236511,0.44281792640686035,2.131819248199463,4.230449676513672,3.478325605392456,223.7061309814453,21.036745071411133,1.9034929275512695
United States,New Mexico,0.13708460330963135,95.9573974609375,14.572159767150879,0.20353993773460388,0.08179552853107452,0.018480747938156128,1.7753618955612183,4.784887313842773,3.345630407333374,262.72509765625,13.220657348632812,2.0213444232940674
United States,North Dakota,0.10000000149011612,1.0444890260696411,15.957535743713379,0.020005449652671814,0.010220267809927464,-0.19875209033489227,1.1821939945220947,4.951107025146484,4.999699592590332,298.3509826660156,0.10063431411981583,2.1999964714050293
United States,Wyoming,0.10000000149011612,1.6602394643534107e-13,16.0,0.019999999552965164,0.009999999776482582,-0.20000000298023224,0.008724520914256573,5.000991344451904,5.0,300.0,0.10000000149011612,2.200000047683716
United States,Alaska,0.10000000149011612,1.537331050297563e-17,16.0,0.019999999552965164,0.009999999776482582,-0.20000000298023224,0.0024166670627892017,5.000999450683594,5.0,300.0,0.10000000149011612,2.200000047683716
United States,Maine,0.10000000149011612,0.00021049984206911176,15.999197006225586,0.019999999552965164,0.010000558570027351,-0.19999761879444122,0.32803064584732056,4.9962592124938965,5.0,299.9647521972656,0.10000000894069672,2.200000047683716
United States,Alabama,0.1881580948829651,79.99591064453125,13.256025314331055,0.20884954929351807,0.10521947592496872,0.35785651206970215,2.0859553813934326,4.4298882484436035,3.565708637237549,233.7129364013672,17.655717849731445,1.9349740743637085
United States,Idaho,0.10000000149011612,3.717264175415039,15.944889068603516,0.020027296617627144,0.010502209886908531,-0.19766266644001007,1.2983742952346802,4.949935436248779,4.998818397521973,297.5419616699219,0.10245730727910995,2.1999847888946533
United States,Montana,0.10000000149011612,1.475470977620532e-20,16.0,0.019999999552965164,0.009999999776482582,-0.20000000298023224,0.0013831463875249028,5.000999927520752,5.0,300.0,0.10000000149011612,2.200000047683716
United States,Puerto Rico,0.10000000149011612,0.43164584040641785,15.990893363952637,0.020000392571091652,0.010038191452622414,-0.1998414248228073,0.9485472440719604,4.98679780960083,4.999969482421875,299.5550231933594,0.10003544390201569,2.1999998092651367
United States,West Virginia,0.10000000149011612,0.00290861027315259,15.99734878540039,0.020000001415610313,0.010003258474171162,-0.19998286664485931,0.5039591193199158,4.991912364959717,5.0,299.8926696777344,0.10000026971101761,2.200000047683716
